데이터,상황,모델,중앙값APE,MAPE,±20%
수정 전,A,B1,0.11692046379362447,0.16121011613646416,0.7120253164556962
수정 전,A,XGB-직접,0.10085596880237774,0.14482301586334617,0.7579113924050633
수정 전,A,XGB-잔차,0.109983383591074,0.15097943622526075,0.7373417721518988
수정 전,A,XGB-평균,0.10052149633121725,0.14729265894092503,0.754746835443038
수정 전,A,RF-직접,0.09999708301244058,0.14678196594335421,0.7515822784810127
수정 전,A,RF-잔차,0.1120100196971909,0.15201411595531997,0.7262658227848101
수정 전,A,RF-평균,0.10729324676277568,0.148397739315305,0.7373417721518988
수정 전,B,B1,0.1107310802940906,0.15015968612808392,0.7373417721518988
수정 전,B,XGB-직접,0.09529171633637123,0.1423928693030261,0.7610759493670886
수정 전,B,XGB-잔차,0.09252617061962576,0.13910103450848119,0.7626582278481012
수정 전,B,XGB-평균,0.09380225110733657,0.13855579875540333,0.7863924050632911
수정 전,B,RF-직접,0.10303713608314256,0.1408205008253356,0.7674050632911392
수정 전,B,RF-잔차,0.09703963575110484,0.13873685901262142,0.7879746835443038
수정 전,B,RF-평균,0.09778008665355345,0.1380121893519878,0.7721518987341772
수정 전,T,B1,0.11952380340140363,0.15488196632939433,0.7246835443037974
수정 전,T,XGB-직접,0.10976855747727275,0.14956574996479247,0.7294303797468354
수정 전,T,XGB-잔차,0.11027907370375187,0.14670570493278304,0.745253164556962
수정 전,T,XGB-평균,0.11301643597346886,0.14659359731216698,0.7357594936708861
수정 전,T,RF-직접,0.1180878696198274,0.1511331147537589,0.7389240506329114
수정 전,T,RF-잔차,0.11314345887031213,0.14751367947835933,0.7373417721518988
수정 전,T,RF-평균,0.11174726114997097,0.14793524252896964,0.7515822784810127
수정 후,A,B1,0.11667034001085747,0.16123690274242203,0.7088607594936709
수정 후,A,XGB-직접,0.09952460588159333,0.14529184063597894,0.754746835443038
수정 후,A,XGB-잔차,0.10883186760766461,0.1523822178810681,0.7341772151898734
수정 후,A,XGB-평균,0.10118497222606304,0.14810209567455643,0.7420886075949367
수정 후,A,RF-직접,0.1041339948573725,0.14813108103951775,0.7468354430379747
수정 후,A,RF-잔차,0.11158213833504958,0.15265423853643778,0.7325949367088608
수정 후,A,RF-평균,0.10799314161344417,0.1494089369271077,0.7325949367088608
수정 후,B,B1,0.11083499909088462,0.14985987617690283,0.7436708860759493
수정 후,B,XGB-직접,0.09613302571819414,0.14253679294485783,0.759493670886076
수정 후,B,XGB-잔차,0.09643305607047965,0.13918300418561358,0.7768987341772152
수정 후,B,XGB-평균,0.09451380385451871,0.13863923672831371,0.7816455696202531
수정 후,B,RF-직접,0.10033025194384096,0.14097038912973195,0.759493670886076
수정 후,B,RF-잔차,0.09845401769781273,0.1383400831369037,0.7816455696202531
수정 후,B,RF-평균,0.10000128904955355,0.13783170888846002,0.7642405063291139
수정 후,T,B1,0.11926374157678905,0.15497963763997094,0.7246835443037974
수정 후,T,XGB-직접,0.10519102655758586,0.14887766679874886,0.7373417721518988
수정 후,T,XGB-잔차,0.10793534181050084,0.14700340957408578,0.7357594936708861
수정 후,T,XGB-평균,0.10646081631122781,0.14672128685954128,0.7389240506329114
수정 후,T,RF-직접,0.11570834155265852,0.1513015936133525,0.7420886075949367
수정 후,T,RF-잔차,0.1114501379065444,0.14731113963244963,0.7341772151898734
수정 후,T,RF-평균,0.10954132931999466,0.14804068846575416,0.745253164556962
