점수_상한,n,중앙값APE,±20%적중률,신뢰도,log오차_q10,log오차_q90
0.1047238896315753,1009,0.06749419702608303,0.8870168483647175,0.8870168483647175,-0.13569874830633355,0.16411023501835836
0.11533740144410921,1009,0.07989193468114629,0.8602576808721506,0.8602576808721506,-0.14365753844913448,0.18402085139560084
0.12290025684249466,1009,0.08785965259461642,0.8473736372646185,0.8473736372646185,-0.15260888490988508,0.18177579184366868
0.12941040099194473,1008,0.09564637888283369,0.7886904761904762,0.7992015314550003,-0.2037485789941438,0.21321767600552927
0.13630061902476187,1009,0.0888558348309619,0.8097125867195243,0.7992015314550003,-0.18992571693833848,0.19940438798690194
0.14488167677715255,1009,0.09495467402655773,0.7948463825569871,0.7948463825569871,-0.20931095336990144,0.19854292418967737
0.15624035256366406,1008,0.12776192361076505,0.7113095238095238,0.7113095238095238,-0.27238427154477984,0.2186150764316833
0.1714053572910042,1009,0.13486419694078186,0.6769078295341923,0.6769078295341923,-0.2853911696953766,0.2667019023070977
0.19331359554946387,1009,0.14788531739544647,0.624380574826561,0.624380574826561,-0.32580402284036514,0.283254508847409
inf,1009,0.15394852664771416,0.5926660059464817,0.5926660059464817,-0.35176357887326437,0.3286972769097732
