권역,dong,deal_date,area_m2,floor,연식,actual,price_est,ape,방향,confidence,tier,dealing_type,public_ratio,원인
강남구,대치동,2026-08-22,24.67,5,23,180000000.0,386994918.6729373,1.149971770405207,높게,0.7825223435948362,같은 건물,중개거래,1.1320754716981132,공시 대비 싸게 거래
강남구,청담동,2026-04-13,37.2,2,37,388857190.9718076,741160593.4783472,0.9059968818529108,높게,0.7388282025819265,같은 건물,직거래,0.8662192393736018,"직거래, 공시 대비 싸게 거래, 30년 초과"
관악구,봉천동,2026-05-20,60.09,3,17,210458113.1284273,382184066.8190862,0.8159626214355872,높게,0.876984126984127,법정동,직거래,0.9624413145539906,"직거래, 공시 대비 싸게 거래, 같은 건물 근거 없음"
관악구,봉천동,2026-04-23,68.67,1,34,184258424.56783617,332005598.8363958,0.8018475932109437,높게,0.8581349206349206,법정동,직거래,1.0227272727272727,"직거래, 공시 대비 싸게 거래, 30년 초과, 같은 건물 근거 없음"
강서구,화곡동,2026-07-14,30.0,7,14,124192857.19867544,218556677.8468523,0.7598168105370174,높게,0.876984126984127,같은 건물,직거래,0.951153846153846,"직거래, 공시 대비 싸게 거래"
강서구,화곡동,2026-06-16,32.66,2,36,80874200.66703373,139661157.0557436,0.7268938166170074,높게,0.7825223435948362,법정동,중개거래,0.9768009768009768,"공시 대비 싸게 거래, 30년 초과, 같은 건물 근거 없음"
강남구,개포동,2026-09-07,69.52,5,23,522560000.0,890255094.1069657,0.7036418671673409,높게,0.7388282025819265,법정동,직거래,1.3433419023136246,"직거래, 공시 대비 싸게 거래, 같은 건물 근거 없음"
강남구,삼성동,2025-12-17,122.08,2,34,1683785821.8137386,2798336527.4440875,0.6619313995825066,높게,0.7388282025819265,법정동,직거래,1.209103840682788,"직거래, 공시 대비 싸게 거래, 30년 초과, 같은 건물 근거 없음"
강남구,대치동,2026-03-26,72.66,5,23,526897854.58434594,871830469.1670564,0.6546479769875275,높게,0.691468253968254,법정동,직거래,1.1752136752136753,"직거래, 공시 대비 싸게 거래, 같은 건물 근거 없음"
강남구,역삼동,2026-02-11,55.53,2,33,305721048.4196006,483462038.8646413,0.5813829023675599,높게,0.6355511420059583,법정동,중개거래,1.2903225806451613,"공시 대비 싸게 거래, 30년 초과, 같은 건물 근거 없음, ML 보정 큼"
관악구,신림동,2026-02-24,40.89,3,39,82571464.80808078,130516491.595047,0.5806488585179385,높게,0.7767857142857143,같은 건물,직거래,0.9950248756218906,"직거래, 공시 대비 싸게 거래, 30년 초과"
관악구,신림동,2025-12-17,48.26,2,24,211895473.15087935,333011799.1547508,0.5715852453234381,높게,0.876984126984127,같은 건물,직거래,1.259493670886076,"직거래, 공시 대비 싸게 거래, ML 보정 큼"
강서구,화곡동,2025-12-16,35.95,-1,38,56601797.55077939,88793198.92371877,0.5687346120776355,높게,0.6355511420059583,법정동,중개거래,1.0073260073260073,"공시 대비 싸게 거래, 지하, 30년 초과, 같은 건물 근거 없음"
강남구,논현동,2026-05-07,24.67,-1,35,116745436.74590264,181788435.7089193,0.5571352574969013,높게,0.5843253968253969,법정동,직거래,1.3157894736842106,"직거래, 공시 대비 싸게 거래, 지하, 30년 초과, 같은 건물 근거 없음, ML 보정 큼"
관악구,신림동,2026-01-20,29.66,3,9,219017357.3566389,334104886.8880098,0.5254721859508469,높게,0.7825223435948362,법정동,직거래,1.099476439790576,"직거래, 공시 대비 싸게 거래, 같은 건물 근거 없음"
