상황,집단,n,중앙값APE,MAPE,±10%,±20%,치우침(log 중앙값),평균 신뢰도,80%구간포함,구분
A,중개거래,569.0,0.0869020186370116,0.12115918734030162,0.5518453427065027,0.8224956063268892,-0.0231329247712581,0.7609977985163636,0.8629173989455184,거래유형
A,직거래,63.0,0.2309141958369215,0.28310860432890644,0.30158730158730157,0.4444444444444444,0.1370711870262866,0.7282501357967145,0.5238095238095238,거래유형
B,중개거래,569.0,0.0807346559818401,0.11470904663787461,0.5834797891036907,0.8400702987697716,-0.0173880157059117,0.7905728071685221,0.836555360281195,거래유형
B,직거래,63.0,0.2191380540867945,0.27151091221944856,0.31746031746031744,0.4444444444444444,0.1421499722922539,0.762078389044389,0.5396825396825397,거래유형
A,싸게(z<-1),71.0,0.3028348982699674,0.35313374712949214,0.04225352112676056,0.28169014084507044,0.2645425811888725,0.7426091221276684,0.43661971830985913,공시가격 대비 위치(수정 Z)
A,보통,441.0,0.0664417052848991,0.08348964155503256,0.6893424036281179,0.9365079365079365,-0.005227668952618,0.7750810589416537,0.9546485260770975,공시가격 대비 위치(수정 Z)
A,비싸게(z>1),120.0,0.19522614482259598,0.2073665974782453,0.21666666666666667,0.525,-0.21719746725518552,0.7029292603889179,0.6,공시가격 대비 위치(수정 Z)
B,싸게(z<-1),71.0,0.2757188160016444,0.346067236529142,0.08450704225352113,0.28169014084507044,0.2435097970038898,0.7772834457922644,0.38028169014084506,공시가격 대비 위치(수정 Z)
B,보통,441.0,0.0641443143410353,0.081995549964788,0.7188208616780045,0.9365079365079365,-0.0029764455916169,0.8066640175718465,0.9342403628117913,공시가격 대비 위치(수정 Z)
B,비싸게(z>1),120.0,0.16106861764681246,0.18036519732279432,0.24166666666666667,0.6083333333333333,-0.1756290405914172,0.7243409115687542,0.5916666666666667,공시가격 대비 위치(수정 Z)
A,지하,41.0,0.205748028150327,0.21446351519457574,0.2926829268292683,0.4878048780487805,-0.0098047893304133,0.6124989235244885,0.8048780487804879,층
A,1층,86.0,0.0785944237465003,0.12433364094749341,0.5930232558139535,0.8372093023255814,-0.036065822747472,0.7509477996952304,0.8604651162790697,층
A,2~4층,431.0,0.0881864815363562,0.12742002784325662,0.5475638051044084,0.8097447795823666,-0.0161331140530609,0.774153477950593,0.8329466357308585,층
A,5층 이상,74.0,0.10787050426039405,0.16718500573577147,0.4594594594594595,0.7432432432432432,-0.0048787332373330505,0.7504512199460065,0.7837837837837838,층
B,지하,41.0,0.1783053749465641,0.2034340989568929,0.24390243902439024,0.5609756097560976,-0.018127781912386,0.6478527341132398,0.8048780487804879,층
B,1층,86.0,0.07399281372574025,0.11128882735040038,0.6046511627906976,0.8488372093023255,-0.0157074403592395,0.7730646685823817,0.8604651162790697,층
B,2~4층,431.0,0.0824379774479263,0.12058846127946336,0.5870069605568445,0.8259860788863109,-0.0118544485155445,0.8001338236659664,0.8051044083526682,층
B,5층 이상,74.0,0.1008880241627771,0.1687752835940562,0.5,0.7297297297297297,-0.0223647181808277,0.8100495161071128,0.7567567567567568,층
A,10년 이하,140.0,0.0881980363082637,0.1278854943326404,0.55,0.7928571428571428,-0.014851881897471601,0.7264090158572531,0.8642857142857143,연식
A,11~20년,140.0,0.08502214454838565,0.11873434764807023,0.5428571428571428,0.8428571428571429,-0.0062142208699644,0.7893061283599835,0.8428571428571429,연식
A,21~30년,195.0,0.0929054450332677,0.1335142599192549,0.5435897435897435,0.7846153846153846,-0.0201973579869348,0.7928713545272631,0.7948717948717948,연식
A,30년 초과,157.0,0.1093677561184005,0.16696408348916267,0.4713375796178344,0.7261146496815286,-0.0261800322314571,0.7138692457820031,0.8280254777070064,연식
B,10년 이하,140.0,0.07534057806340315,0.114414374006797,0.5857142857142857,0.8142857142857143,-0.00789990298024565,0.7775541250926057,0.8428571428571429,연식
B,11~20년,140.0,0.0708410563061995,0.11086819321553747,0.6214285714285714,0.8357142857142857,-0.007381235638231299,0.8239001240184919,0.8,연식
B,21~30년,195.0,0.094367762228073,0.13339845242521114,0.5333333333333333,0.8102564102564103,-0.0175590331004408,0.8138598441354151,0.7743589743589744,연식
B,30년 초과,157.0,0.0990344849920346,0.15810431447600576,0.5031847133757962,0.7452229299363057,-0.006481164661623,0.7321057408071716,0.821656050955414,연식
A,1.5억 이하,40.0,0.19685187971688456,0.2569293130982329,0.275,0.5,0.17174745196833635,0.6958530859381158,0.7,실거래가
A,1.5~2.5억,212.0,0.08502214454838565,0.12803671858540253,0.5801886792452831,0.7924528301886793,0.03731536008002895,0.7794555967243967,0.8443396226415094,실거래가
A,2.5~4억,212.0,0.08629074641211795,0.1176079826846562,0.5471698113207547,0.8301886792452831,-0.02665624994602975,0.7795708919712359,0.8490566037735849,실거래가
A,4~7억,106.0,0.09930193177116856,0.13885722330659128,0.5094339622641509,0.8018867924528302,-0.0563077883942103,0.7379311668425841,0.8113207547169812,실거래가
A,7억 초과,62.0,0.1028750693816659,0.15649523880116595,0.46774193548387094,0.7580645161290323,-0.094095189088051,0.6825655352369563,0.8225806451612904,실거래가
B,1.5억 이하,40.0,0.18544877213007144,0.24008049982126178,0.35,0.525,0.14954684540965774,0.7324757944389275,0.625,실거래가
B,1.5~2.5억,211.0,0.0824379774479263,0.12698894866564517,0.6018957345971564,0.8009478672985783,0.033486576464331,0.8077657947814482,0.8341232227488151,실거래가
B,2.5~4억,209.0,0.081910530613765,0.10941092709135924,0.5645933014354066,0.8660287081339713,-0.0303333148998098,0.8086966866098471,0.8133971291866029,실거래가
B,4~7억,110.0,0.0917750129212122,0.13654870451438092,0.5363636363636364,0.8,-0.0423340285959173,0.7656003896247193,0.8,실거래가
B,7억 초과,62.0,0.08792047398143504,0.1304758965612632,0.5483870967741935,0.7580645161290323,-0.06415523594109951,0.7238000153558983,0.8225806451612904,실거래가
A,강남구,133.0,0.1267680616194627,0.1774479521320898,0.42105263157894735,0.7218045112781954,-0.0568171264044689,0.6514702681539524,0.8045112781954887,권역
A,강서구,262.0,0.0838888267085291,0.12321068516456098,0.5801526717557252,0.7938931297709924,-0.0114105853645119,0.7844372817515969,0.8320610687022901,권역
A,관악구,237.0,0.0929054450332677,0.1303529220365815,0.5274261603375527,0.810126582278481,-0.0031865176115005,0.7878455376692403,0.8396624472573839,권역
B,강남구,133.0,0.0973369698425325,0.16385687759348608,0.518796992481203,0.7293233082706767,-0.0492235439382173,0.7019461602651828,0.7894736842105263,권역
B,강서구,262.0,0.08385769238879526,0.12007566809582201,0.5877862595419847,0.8015267175572519,-0.0025332632572858,0.8143850785625063,0.7900763358778626,권역
B,관악구,237.0,0.0830486451781686,0.12287698415922738,0.5443037974683544,0.8396624472573839,-0.0029764455916169,0.8064098560761163,0.8354430379746836,권역
A,구,1.0,0.1175736305043919,0.1175736305043919,0.0,1.0,-0.1250799276548059,0.6355511420059583,1.0,근거
A,법정동,631.0,0.0936433330526923,0.13733414586188325,0.5277337559429477,0.7844690966719493,-0.0161331140530609,0.7579270281600602,0.8288431061806656,근거
B,같은 건물,377.0,0.0848012317422808,0.12333865898700663,0.5676392572944297,0.8063660477453581,-0.0134635160994423,0.8059390077633066,0.7931034482758621,근거
B,법정동,255.0,0.0939207562205086,0.14069004144578195,0.5411764705882353,0.792156862745098,-0.0091482186795441,0.7608151367134076,0.8274509803921568,근거
A,0.9 미만,39.0,0.1061760834894395,0.14383409052391635,0.48717948717948717,0.6923076923076923,-0.0148946555072379,0.6965855414216884,0.8205128205128205,ML 보정 배율
A,0.9~1.1,479.0,0.0856352002209397,0.12507792804282164,0.5615866388308977,0.8225469728601252,-0.005609644932861,0.7837681586287379,0.8392484342379958,ML 보정 배율
A,1.1 초과,114.0,0.14137390724795557,0.1864347597053371,0.39473684210526316,0.6578947368421053,-0.0771795557391067,0.6692607176525668,0.7894736842105263,ML 보정 배율
B,0.9 미만,20.0,0.09150295994921585,0.12234650199904165,0.6,0.75,0.0214422397054458,0.7185694680884602,0.9,ML 보정 배율
B,0.9~1.1,521.0,0.0792566728869928,0.12296836684417828,0.5911708253358925,0.8253358925143954,-0.006481164661623,0.8120649966276644,0.7984644913627639,ML 보정 배율
B,1.1 초과,91.0,0.139436316525861,0.1742987455052549,0.3516483516483517,0.6703296703296703,-0.0719516053727655,0.6636221229000347,0.8351648351648352,ML 보정 배율
