params,mean_test_score,std_test_score,rank_test_score,mean_fit_time,상황,계열,방식
{'ridge__alpha': 0.1},-0.14994891011946082,0.006340058292722932,1,0.1709362030029297,A,Ridge,직접
{'ridge__alpha': 1},-0.14995062555639932,0.006338999492794855,2,0.19553742408752442,A,Ridge,직접
{'ridge__alpha': 10},-0.14996792433865264,0.006328424238801498,3,0.18903775215148927,A,Ridge,직접
{'ridge__alpha': 100},-0.15015528071698306,0.00622613408215518,4,0.20611915588378907,A,Ridge,직접
{'ridge__alpha': 0.1},-0.11655208946703499,0.001489856799541585,4,0.30864343643188474,A,Ridge,잔차
{'ridge__alpha': 1},-0.11655169450992182,0.0014902733818301826,3,0.24836349487304688,A,Ridge,잔차
{'ridge__alpha': 10},-0.1165478438283816,0.001494408747943129,2,0.2554035186767578,A,Ridge,잔차
{'ridge__alpha': 100},-0.11651812291336246,0.0015298380341559072,1,0.2522923946380615,A,Ridge,잔차
"{'knn__n_neighbors': 5, 'knn__weights': 'uniform'}",-0.16683958459984674,0.006324661437561755,8,0.20615234375,A,KNN,직접
"{'knn__n_neighbors': 5, 'knn__weights': 'distance'}",-0.16612566370242648,0.006446334240505755,7,0.1926091194152832,A,KNN,직접
"{'knn__n_neighbors': 10, 'knn__weights': 'uniform'}",-0.1623143821057442,0.006227035674772169,5,0.1945772647857666,A,KNN,직접
"{'knn__n_neighbors': 10, 'knn__weights': 'distance'}",-0.16098740510177295,0.006429448090608377,3,0.17852377891540527,A,KNN,직접
"{'knn__n_neighbors': 20, 'knn__weights': 'uniform'}",-0.1612714767065077,0.007025161370656983,4,0.20556316375732422,A,KNN,직접
"{'knn__n_neighbors': 20, 'knn__weights': 'distance'}",-0.1591277934097267,0.007007610630853449,1,0.19845242500305177,A,KNN,직접
"{'knn__n_neighbors': 40, 'knn__weights': 'uniform'}",-0.16370362344825282,0.007256582040239854,6,0.19348373413085937,A,KNN,직접
"{'knn__n_neighbors': 40, 'knn__weights': 'distance'}",-0.16095913898651543,0.007312185196836359,2,0.1855916976928711,A,KNN,직접
"{'knn__n_neighbors': 5, 'knn__weights': 'uniform'}",-0.12369085868133285,0.001407979151803368,7,0.2255784034729004,A,KNN,잔차
"{'knn__n_neighbors': 5, 'knn__weights': 'distance'}",-0.12375914111269885,0.0013902177767809952,8,0.23350052833557128,A,KNN,잔차
"{'knn__n_neighbors': 10, 'knn__weights': 'uniform'}",-0.11850112043033008,0.0017415000646527135,6,0.23109192848205568,A,KNN,잔차
"{'knn__n_neighbors': 10, 'knn__weights': 'distance'}",-0.11849305698588845,0.0016905899607610937,5,0.22698278427124025,A,KNN,잔차
"{'knn__n_neighbors': 20, 'knn__weights': 'uniform'}",-0.11541690483424223,0.0017330402564077027,4,0.24971799850463866,A,KNN,잔차
"{'knn__n_neighbors': 20, 'knn__weights': 'distance'}",-0.11535259191856391,0.0017145445026249407,3,0.2331756591796875,A,KNN,잔차
"{'knn__n_neighbors': 40, 'knn__weights': 'uniform'}",-0.11415678889982576,0.0019143158138752465,2,0.22397923469543457,A,KNN,잔차
"{'knn__n_neighbors': 40, 'knn__weights': 'distance'}",-0.11404616868629289,0.001866018563338749,1,0.23783512115478517,A,KNN,잔차
"{'rf__max_features': 0.33, 'rf__min_samples_leaf': 2}",-0.13000006704295597,0.004665861852552815,1,3.606560230255127,A,RF,직접
"{'rf__max_features': 0.33, 'rf__min_samples_leaf': 5}",-0.13012055880581014,0.004777862342354709,3,2.954595851898193,A,RF,직접
"{'rf__max_features': 0.33, 'rf__min_samples_leaf': 20}",-0.13176645870130826,0.005325927525184218,6,2.412579584121704,A,RF,직접
"{'rf__max_features': 0.6, 'rf__min_samples_leaf': 2}",-0.13021965338128277,0.004038551783561144,4,6.042872619628906,A,RF,직접
"{'rf__max_features': 0.6, 'rf__min_samples_leaf': 5}",-0.130041760852991,0.004265304296028227,2,5.4779242992401125,A,RF,직접
"{'rf__max_features': 0.6, 'rf__min_samples_leaf': 20}",-0.13071514178906132,0.005054892428276959,5,3.729861116409302,A,RF,직접
"{'rf__max_features': 0.33, 'rf__min_samples_leaf': 2}",-0.1107276861547017,0.002052291353283371,2,4.752456617355347,A,RF,잔차
"{'rf__max_features': 0.33, 'rf__min_samples_leaf': 5}",-0.11050190317626991,0.002148371842280376,1,4.565226078033447,A,RF,잔차
"{'rf__max_features': 0.33, 'rf__min_samples_leaf': 20}",-0.11096899639737345,0.0021366404701930117,5,3.5518407344818117,A,RF,잔차
"{'rf__max_features': 0.6, 'rf__min_samples_leaf': 2}",-0.11131136700500857,0.002070066718993191,6,9.458638286590576,A,RF,잔차
"{'rf__max_features': 0.6, 'rf__min_samples_leaf': 5}",-0.11073603663936374,0.002157880786835136,3,8.069858598709107,A,RF,잔차
"{'rf__max_features': 0.6, 'rf__min_samples_leaf': 20}",-0.11090936437233359,0.002125781332311515,4,6.242427396774292,A,RF,잔차
"{'xgb__max_depth': 3, 'xgb__min_child_weight': 5, 'xgb__n_estimators': 300}",-0.1345568294884607,0.005064113229188499,23,1.212818431854248,A,XGB,직접
"{'xgb__max_depth': 3, 'xgb__min_child_weight': 5, 'xgb__n_estimators': 800}",-0.1309908616957325,0.004864180642883482,15,3.4690408229827883,A,XGB,직접
"{'xgb__max_depth': 3, 'xgb__min_child_weight': 5, 'xgb__n_estimators': 1500}",-0.12977418870992682,0.004596278916783311,4,5.344012069702148,A,XGB,직접
"{'xgb__max_depth': 3, 'xgb__min_child_weight': 20, 'xgb__n_estimators': 300}",-0.1345998372581924,0.005035072595442546,24,1.294905996322632,A,XGB,직접
"{'xgb__max_depth': 3, 'xgb__min_child_weight': 20, 'xgb__n_estimators': 800}",-0.13109445767388841,0.004619799175669964,17,3.0034417629241945,A,XGB,직접
"{'xgb__max_depth': 3, 'xgb__min_child_weight': 20, 'xgb__n_estimators': 1500}",-0.12983448607044798,0.004205588811094284,5,5.471708488464356,A,XGB,직접
"{'xgb__max_depth': 5, 'xgb__min_child_weight': 5, 'xgb__n_estimators': 300}",-0.13070677375774886,0.005044502374713515,12,1.6600700855255126,A,XGB,직접
"{'xgb__max_depth': 5, 'xgb__min_child_weight': 5, 'xgb__n_estimators': 800}",-0.12952575703472458,0.004778572475458315,1,3.9882492065429687,A,XGB,직접
"{'xgb__max_depth': 5, 'xgb__min_child_weight': 5, 'xgb__n_estimators': 1500}",-0.13009796586690942,0.004752313721761587,9,7.480068302154541,A,XGB,직접
"{'xgb__max_depth': 5, 'xgb__min_child_weight': 20, 'xgb__n_estimators': 300}",-0.13086322363011033,0.0046561705278007955,14,1.6581836223602295,A,XGB,직접
"{'xgb__max_depth': 5, 'xgb__min_child_weight': 20, 'xgb__n_estimators': 800}",-0.1295890242108555,0.004397215262201664,2,3.7128807067871095,A,XGB,직접
"{'xgb__max_depth': 5, 'xgb__min_child_weight': 20, 'xgb__n_estimators': 1500}",-0.12995694335899446,0.004189547982386564,8,6.656987857818604,A,XGB,직접
"{'xgb__max_depth': 7, 'xgb__min_child_weight': 5, 'xgb__n_estimators': 300}",-0.12995327054007047,0.005027887793289663,7,2.480593776702881,A,XGB,직접
"{'xgb__max_depth': 7, 'xgb__min_child_weight': 5, 'xgb__n_estimators': 800}",-0.13035775182933312,0.004793374109892766,11,5.8207371711730955,A,XGB,직접
"{'xgb__max_depth': 7, 'xgb__min_child_weight': 5, 'xgb__n_estimators': 1500}",-0.13150897105095127,0.004900169429723759,19,10.546574306488036,A,XGB,직접
"{'xgb__max_depth': 7, 'xgb__min_child_weight': 20, 'xgb__n_estimators': 300}",-0.12976808178087532,0.004450741208424517,3,2.241654300689697,A,XGB,직접
"{'xgb__max_depth': 7, 'xgb__min_child_weight': 20, 'xgb__n_estimators': 800}",-0.12984526358223086,0.00413320128305568,6,5.683062887191772,A,XGB,직접
"{'xgb__max_depth': 7, 'xgb__min_child_weight': 20, 'xgb__n_estimators': 1500}",-0.1309956542868291,0.004170699944837442,16,9.560499429702759,A,XGB,직접
"{'xgb__max_depth': 9, 'xgb__min_child_weight': 5, 'xgb__n_estimators': 300}",-0.1307518799966089,0.0051933299053045666,13,3.999663734436035,A,XGB,직접
"{'xgb__max_depth': 9, 'xgb__min_child_weight': 5, 'xgb__n_estimators': 800}",-0.13185068894814828,0.005165558121284788,20,9.191068267822265,A,XGB,직접
"{'xgb__max_depth': 9, 'xgb__min_child_weight': 5, 'xgb__n_estimators': 1500}",-0.13311022963379332,0.005146058308152306,22,16.667333555221557,A,XGB,직접
"{'xgb__max_depth': 9, 'xgb__min_child_weight': 20, 'xgb__n_estimators': 300}",-0.13035762197748807,0.004679047433980737,10,3.172450876235962,A,XGB,직접
"{'xgb__max_depth': 9, 'xgb__min_child_weight': 20, 'xgb__n_estimators': 800}",-0.1311700747376056,0.004686586400270666,18,7.865638637542725,A,XGB,직접
"{'xgb__max_depth': 9, 'xgb__min_child_weight': 20, 'xgb__n_estimators': 1500}",-0.1326073671414511,0.0047884336447996155,21,14.333858633041382,A,XGB,직접
"{'xgb__max_depth': 3, 'xgb__min_child_weight': 5, 'xgb__n_estimators': 300}",-0.11307269010606247,0.002022025029790938,21,1.2263755798339844,A,XGB,잔차
"{'xgb__max_depth': 3, 'xgb__min_child_weight': 5, 'xgb__n_estimators': 800}",-0.11223826474018776,0.002160659351113664,15,2.8447306632995604,A,XGB,잔차
"{'xgb__max_depth': 3, 'xgb__min_child_weight': 5, 'xgb__n_estimators': 1500}",-0.11198892847912205,0.002276580960184342,13,5.133500957489014,A,XGB,잔차
"{'xgb__max_depth': 3, 'xgb__min_child_weight': 20, 'xgb__n_estimators': 300}",-0.11307087477589213,0.002027852843564713,20,1.1682225704193114,A,XGB,잔차
"{'xgb__max_depth': 3, 'xgb__min_child_weight': 20, 'xgb__n_estimators': 800}",-0.11226365701225811,0.002192053221150888,16,3.029141902923584,A,XGB,잔차
"{'xgb__max_depth': 3, 'xgb__min_child_weight': 20, 'xgb__n_estimators': 1500}",-0.11198831540625538,0.0023137804370030207,12,5.292807245254517,A,XGB,잔차
"{'xgb__max_depth': 5, 'xgb__min_child_weight': 5, 'xgb__n_estimators': 300}",-0.1115747101866843,0.002107197172628813,8,1.6803803443908691,A,XGB,잔차
"{'xgb__max_depth': 5, 'xgb__min_child_weight': 5, 'xgb__n_estimators': 800}",-0.11134688712058269,0.002401005055150269,7,4.117952680587768,A,XGB,잔차
"{'xgb__max_depth': 5, 'xgb__min_child_weight': 5, 'xgb__n_estimators': 1500}",-0.11217603935695157,0.0026164582332457113,14,8.743317985534668,A,XGB,잔차
"{'xgb__max_depth': 5, 'xgb__min_child_weight': 20, 'xgb__n_estimators': 300}",-0.11158272075839884,0.0020702954270450246,9,1.4615638732910157,A,XGB,잔차
"{'xgb__max_depth': 5, 'xgb__min_child_weight': 20, 'xgb__n_estimators': 800}",-0.11104797703779112,0.002295326836041573,5,3.495747375488281,A,XGB,잔차
"{'xgb__max_depth': 5, 'xgb__min_child_weight': 20, 'xgb__n_estimators': 1500}",-0.11163749755634926,0.002471760551884095,10,6.311528158187866,A,XGB,잔차
"{'xgb__max_depth': 7, 'xgb__min_child_weight': 5, 'xgb__n_estimators': 300}",-0.11072793652424488,0.002180367967664298,2,2.256041431427002,A,XGB,잔차
"{'xgb__max_depth': 7, 'xgb__min_child_weight': 5, 'xgb__n_estimators': 800}",-0.11170541998445757,0.0023273553861687256,11,5.675823545455932,A,XGB,잔차
"{'xgb__max_depth': 7, 'xgb__min_child_weight': 5, 'xgb__n_estimators': 1500}",-0.11358496309057427,0.002414768735887301,22,10.39499020576477,A,XGB,잔차
"{'xgb__max_depth': 7, 'xgb__min_child_weight': 20, 'xgb__n_estimators': 300}",-0.11070731520969979,0.0022100514350555114,1,2.051177740097046,A,XGB,잔차
"{'xgb__max_depth': 7, 'xgb__min_child_weight': 20, 'xgb__n_estimators': 800}",-0.11131533924989838,0.0025206032321778856,6,4.94041337966919,A,XGB,잔차
"{'xgb__max_depth': 7, 'xgb__min_child_weight': 20, 'xgb__n_estimators': 1500}",-0.11289979431370838,0.0026631504677687187,19,9.089192342758178,A,XGB,잔차
"{'xgb__max_depth': 9, 'xgb__min_child_weight': 5, 'xgb__n_estimators': 300}",-0.11088574459890636,0.0023201448082757685,4,3.77469916343689,A,XGB,잔차
"{'xgb__max_depth': 9, 'xgb__min_child_weight': 5, 'xgb__n_estimators': 800}",-0.11288159834805134,0.002376060384601194,18,9.567072057724,A,XGB,잔차
"{'xgb__max_depth': 9, 'xgb__min_child_weight': 5, 'xgb__n_estimators': 1500}",-0.11506643026630374,0.002330035836970747,24,17.91791844367981,A,XGB,잔차
"{'xgb__max_depth': 9, 'xgb__min_child_weight': 20, 'xgb__n_estimators': 300}",-0.11074821078607829,0.0022939590190933705,3,3.068417453765869,A,XGB,잔차
"{'xgb__max_depth': 9, 'xgb__min_child_weight': 20, 'xgb__n_estimators': 800}",-0.11234040791958502,0.0027459584927636608,17,6.904025363922119,A,XGB,잔차
"{'xgb__max_depth': 9, 'xgb__min_child_weight': 20, 'xgb__n_estimators': 1500}",-0.11480932879045794,0.0027144885054852202,23,12.779895305633545,A,XGB,잔차
{'ridge__alpha': 0.1},-0.14893692430220795,0.004879578778975332,1,0.15924973487854005,B,Ridge,직접
{'ridge__alpha': 1},-0.14893853126606366,0.004878921184978986,2,0.1534339427947998,B,Ridge,직접
{'ridge__alpha': 10},-0.14895481010154787,0.004872356543104294,3,0.15482573509216307,B,Ridge,직접
{'ridge__alpha': 100},-0.149139439808812,0.004806592014082629,4,0.15499749183654785,B,Ridge,직접
{'ridge__alpha': 0.1},-0.11639785007761279,0.00227715505701783,4,0.18441290855407716,B,Ridge,잔차
{'ridge__alpha': 1},-0.11639744830771268,0.0022770454963084016,3,0.1885016918182373,B,Ridge,잔차
{'ridge__alpha': 10},-0.11639358665741048,0.0022760211402841936,2,0.18671469688415526,B,Ridge,잔차
{'ridge__alpha': 100},-0.11636509957881876,0.0022682189053076203,1,0.18691616058349608,B,Ridge,잔차
"{'knn__n_neighbors': 5, 'knn__weights': 'uniform'}",-0.16529610771898334,0.0068535635181712,8,0.14349522590637206,B,KNN,직접
"{'knn__n_neighbors': 5, 'knn__weights': 'distance'}",-0.16469466470505542,0.0067652883069483,7,0.16123995780944825,B,KNN,직접
"{'knn__n_neighbors': 10, 'knn__weights': 'uniform'}",-0.16033360537922672,0.006667089577270587,5,0.16025338172912598,B,KNN,직접
"{'knn__n_neighbors': 10, 'knn__weights': 'distance'}",-0.159077194259954,0.006644220986357107,3,0.1447737216949463,B,KNN,직접
"{'knn__n_neighbors': 20, 'knn__weights': 'uniform'}",-0.15921447977742526,0.006220147149302917,4,0.15973520278930664,B,KNN,직접
"{'knn__n_neighbors': 20, 'knn__weights': 'distance'}",-0.15729684434630944,0.006232056462934646,1,0.16531782150268554,B,KNN,직접
"{'knn__n_neighbors': 40, 'knn__weights': 'uniform'}",-0.16134913835812464,0.005530027227040244,6,0.16389803886413573,B,KNN,직접
"{'knn__n_neighbors': 40, 'knn__weights': 'distance'}",-0.15891118175427285,0.00568148924671965,2,0.15995101928710936,B,KNN,직접
"{'knn__n_neighbors': 5, 'knn__weights': 'uniform'}",-0.12383674244541829,0.0024650273376062184,7,0.1877610683441162,B,KNN,잔차
"{'knn__n_neighbors': 5, 'knn__weights': 'distance'}",-0.12392331930921033,0.002363654002511225,8,0.1902914524078369,B,KNN,잔차
"{'knn__n_neighbors': 10, 'knn__weights': 'uniform'}",-0.11864873096849593,0.002581242666299017,6,0.19001431465148927,B,KNN,잔차
"{'knn__n_neighbors': 10, 'knn__weights': 'distance'}",-0.11863771832605556,0.0025170571498558643,5,0.192240571975708,B,KNN,잔차
"{'knn__n_neighbors': 20, 'knn__weights': 'uniform'}",-0.11570672360567438,0.002330798913401524,4,0.19193511009216307,B,KNN,잔차
"{'knn__n_neighbors': 20, 'knn__weights': 'distance'}",-0.11561223186239329,0.0022932958817899977,3,0.193160343170166,B,KNN,잔차
"{'knn__n_neighbors': 40, 'knn__weights': 'uniform'}",-0.1143004138994295,0.0022936475744627163,2,0.19125423431396485,B,KNN,잔차
"{'knn__n_neighbors': 40, 'knn__weights': 'distance'}",-0.11418729423535956,0.002324834276805319,1,0.21716389656066895,B,KNN,잔차
"{'rf__max_features': 0.33, 'rf__min_samples_leaf': 2}",-0.12913699083633806,0.002308541206687851,1,3.050383138656616,B,RF,직접
"{'rf__max_features': 0.33, 'rf__min_samples_leaf': 5}",-0.12920788747998124,0.002207891210317159,2,2.5753687381744386,B,RF,직접
"{'rf__max_features': 0.33, 'rf__min_samples_leaf': 20}",-0.1308408630142658,0.0028953876804736034,6,2.112278461456299,B,RF,직접
"{'rf__max_features': 0.6, 'rf__min_samples_leaf': 2}",-0.12990011169750146,0.002287152083612551,4,5.263878011703492,B,RF,직접
"{'rf__max_features': 0.6, 'rf__min_samples_leaf': 5}",-0.1295415021696607,0.0029360460862556635,3,4.55499119758606,B,RF,직접
"{'rf__max_features': 0.6, 'rf__min_samples_leaf': 20}",-0.13008103213019803,0.003243668659994758,5,3.659073734283447,B,RF,직접
"{'rf__max_features': 0.33, 'rf__min_samples_leaf': 2}",-0.11118180087835446,0.002134621157487191,5,4.8011720180511475,B,RF,잔차
"{'rf__max_features': 0.33, 'rf__min_samples_leaf': 5}",-0.11089587189196135,0.0019122595857831361,1,4.043447542190552,B,RF,잔차
"{'rf__max_features': 0.33, 'rf__min_samples_leaf': 20}",-0.1109753339299235,0.0019334947261664451,3,3.2293258190155028,B,RF,잔차
"{'rf__max_features': 0.6, 'rf__min_samples_leaf': 2}",-0.11155473823528277,0.0020184604175466653,6,8.493839597702026,B,RF,잔차
"{'rf__max_features': 0.6, 'rf__min_samples_leaf': 5}",-0.11113510772761737,0.0018878212901988585,4,7.189022970199585,B,RF,잔차
"{'rf__max_features': 0.6, 'rf__min_samples_leaf': 20}",-0.11094107674204703,0.0018349453688068947,2,5.594113397598266,B,RF,잔차
"{'xgb__max_depth': 3, 'xgb__min_child_weight': 5, 'xgb__n_estimators': 300}",-0.13407259978995184,0.0035998039145335725,24,1.0782408237457275,B,XGB,직접
"{'xgb__max_depth': 3, 'xgb__min_child_weight': 5, 'xgb__n_estimators': 800}",-0.13024099286128732,0.0029778961417616994,18,2.5442177295684814,B,XGB,직접
"{'xgb__max_depth': 3, 'xgb__min_child_weight': 5, 'xgb__n_estimators': 1500}",-0.12891719216298425,0.002957618374960943,10,4.618575477600098,B,XGB,직접
"{'xgb__max_depth': 3, 'xgb__min_child_weight': 20, 'xgb__n_estimators': 300}",-0.13392480119179256,0.003402344056912233,23,1.083660888671875,B,XGB,직접
"{'xgb__max_depth': 3, 'xgb__min_child_weight': 20, 'xgb__n_estimators': 800}",-0.13044869779923401,0.0027727830928336284,20,2.538720655441284,B,XGB,직접
"{'xgb__max_depth': 3, 'xgb__min_child_weight': 20, 'xgb__n_estimators': 1500}",-0.12919020092417582,0.002789904516420836,11,4.695805168151855,B,XGB,직접
"{'xgb__max_depth': 5, 'xgb__min_child_weight': 5, 'xgb__n_estimators': 300}",-0.12976716390839443,0.002851854485486722,17,1.448071050643921,B,XGB,직접
"{'xgb__max_depth': 5, 'xgb__min_child_weight': 5, 'xgb__n_estimators': 800}",-0.12838161321414437,0.0028239309030431816,3,3.494997978210449,B,XGB,직접
"{'xgb__max_depth': 5, 'xgb__min_child_weight': 5, 'xgb__n_estimators': 1500}",-0.1285195872730296,0.0028204051868870933,6,6.332819986343384,B,XGB,직접
"{'xgb__max_depth': 5, 'xgb__min_child_weight': 20, 'xgb__n_estimators': 300}",-0.1297237181159307,0.0027294040258534448,16,1.4070325374603272,B,XGB,직접
"{'xgb__max_depth': 5, 'xgb__min_child_weight': 20, 'xgb__n_estimators': 800}",-0.1283014065925009,0.0026346117454754824,1,3.372294521331787,B,XGB,직접
"{'xgb__max_depth': 5, 'xgb__min_child_weight': 20, 'xgb__n_estimators': 1500}",-0.1284748176002261,0.0026512363038486133,5,6.146718263626099,B,XGB,직접
"{'xgb__max_depth': 7, 'xgb__min_child_weight': 5, 'xgb__n_estimators': 300}",-0.1285324276480279,0.0025116716104751,7,2.1141625881195067,B,XGB,직접
"{'xgb__max_depth': 7, 'xgb__min_child_weight': 5, 'xgb__n_estimators': 800}",-0.1287549272576354,0.0024688232743704155,9,5.083361721038818,B,XGB,직접
"{'xgb__max_depth': 7, 'xgb__min_child_weight': 5, 'xgb__n_estimators': 1500}",-0.12966226852866333,0.0024412725310969646,15,9.561669206619262,B,XGB,직접
"{'xgb__max_depth': 7, 'xgb__min_child_weight': 20, 'xgb__n_estimators': 300}",-0.12831485966440107,0.0027094619945233905,2,2.018903112411499,B,XGB,직접
"{'xgb__max_depth': 7, 'xgb__min_child_weight': 20, 'xgb__n_estimators': 800}",-0.1283835656432086,0.0025080816652817066,4,4.8209844589233395,B,XGB,직접
"{'xgb__max_depth': 7, 'xgb__min_child_weight': 20, 'xgb__n_estimators': 1500}",-0.12933159893166374,0.0024543412282265497,13,8.686974048614502,B,XGB,직접
"{'xgb__max_depth': 9, 'xgb__min_child_weight': 5, 'xgb__n_estimators': 300}",-0.1292908885878345,0.0026103633731866627,12,3.4645291328430177,B,XGB,직접
"{'xgb__max_depth': 9, 'xgb__min_child_weight': 5, 'xgb__n_estimators': 800}",-0.13038706639269568,0.002298758499077335,19,8.226874351501465,B,XGB,직접
"{'xgb__max_depth': 9, 'xgb__min_child_weight': 5, 'xgb__n_estimators': 1500}",-0.13164801258579265,0.002231577973775427,22,15.334600257873536,B,XGB,직접
"{'xgb__max_depth': 9, 'xgb__min_child_weight': 20, 'xgb__n_estimators': 300}",-0.12865440807952921,0.002829524156959831,8,2.86369252204895,B,XGB,직접
"{'xgb__max_depth': 9, 'xgb__min_child_weight': 20, 'xgb__n_estimators': 800}",-0.1296184510989555,0.0025392609796635927,14,6.533216381072998,B,XGB,직접
"{'xgb__max_depth': 9, 'xgb__min_child_weight': 20, 'xgb__n_estimators': 1500}",-0.1310209614774322,0.0024108193568938394,21,11.88259768486023,B,XGB,직접
"{'xgb__max_depth': 3, 'xgb__min_child_weight': 5, 'xgb__n_estimators': 300}",-0.11309904831901144,0.0020086937190628884,18,1.0946825981140136,B,XGB,잔차
"{'xgb__max_depth': 3, 'xgb__min_child_weight': 5, 'xgb__n_estimators': 800}",-0.11235493151111493,0.002020882982864498,16,2.5443214893341066,B,XGB,잔차
"{'xgb__max_depth': 3, 'xgb__min_child_weight': 5, 'xgb__n_estimators': 1500}",-0.11209080153976822,0.001935608931580814,14,4.540649127960205,B,XGB,잔차
"{'xgb__max_depth': 3, 'xgb__min_child_weight': 20, 'xgb__n_estimators': 300}",-0.11311669477800723,0.0020299163836077043,19,1.1139368057250976,B,XGB,잔차
"{'xgb__max_depth': 3, 'xgb__min_child_weight': 20, 'xgb__n_estimators': 800}",-0.11233128995922456,0.002089727562472721,15,2.5288885116577147,B,XGB,잔차
"{'xgb__max_depth': 3, 'xgb__min_child_weight': 20, 'xgb__n_estimators': 1500}",-0.11203990193963934,0.001981428365802059,12,4.747524547576904,B,XGB,잔차
"{'xgb__max_depth': 5, 'xgb__min_child_weight': 5, 'xgb__n_estimators': 300}",-0.1117497026941739,0.002086254408634964,9,1.5094478607177735,B,XGB,잔차
"{'xgb__max_depth': 5, 'xgb__min_child_weight': 5, 'xgb__n_estimators': 800}",-0.111335880482858,0.0021153793087563036,6,3.6845795631408693,B,XGB,잔차
"{'xgb__max_depth': 5, 'xgb__min_child_weight': 5, 'xgb__n_estimators': 1500}",-0.11206848716860787,0.002173263424217483,13,6.557075119018554,B,XGB,잔차
"{'xgb__max_depth': 5, 'xgb__min_child_weight': 20, 'xgb__n_estimators': 300}",-0.11175039947014616,0.0021671081225230074,10,1.4516292572021485,B,XGB,잔차
"{'xgb__max_depth': 5, 'xgb__min_child_weight': 20, 'xgb__n_estimators': 800}",-0.11131437251148166,0.002107194886963506,5,3.50316801071167,B,XGB,잔차
"{'xgb__max_depth': 5, 'xgb__min_child_weight': 20, 'xgb__n_estimators': 1500}",-0.11189455061104518,0.0021862745800941574,11,6.360880327224732,B,XGB,잔차
"{'xgb__max_depth': 7, 'xgb__min_child_weight': 5, 'xgb__n_estimators': 300}",-0.11095369444788457,0.0021211421195411763,2,2.3078458309173584,B,XGB,잔차
"{'xgb__max_depth': 7, 'xgb__min_child_weight': 5, 'xgb__n_estimators': 800}",-0.11173942251105047,0.0022508560863140365,8,5.6275880336761475,B,XGB,잔차
"{'xgb__max_depth': 7, 'xgb__min_child_weight': 5, 'xgb__n_estimators': 1500}",-0.11369445178206303,0.0022612469055592276,22,10.5615478515625,B,XGB,잔차
"{'xgb__max_depth': 7, 'xgb__min_child_weight': 20, 'xgb__n_estimators': 300}",-0.11103206209735553,0.0018953140836934417,3,2.066931629180908,B,XGB,잔차
"{'xgb__max_depth': 7, 'xgb__min_child_weight': 20, 'xgb__n_estimators': 800}",-0.1116177381398454,0.001987677446542345,7,5.03282585144043,B,XGB,잔차
"{'xgb__max_depth': 7, 'xgb__min_child_weight': 20, 'xgb__n_estimators': 1500}",-0.11332274323648757,0.002197181402334415,21,9.147471046447754,B,XGB,잔차
"{'xgb__max_depth': 9, 'xgb__min_child_weight': 5, 'xgb__n_estimators': 300}",-0.1111707813969125,0.0021803150953232033,4,3.827835035324097,B,XGB,잔차
"{'xgb__max_depth': 9, 'xgb__min_child_weight': 5, 'xgb__n_estimators': 800}",-0.1132637815646443,0.0022357010220052723,20,9.804260873794556,B,XGB,잔차
"{'xgb__max_depth': 9, 'xgb__min_child_weight': 5, 'xgb__n_estimators': 1500}",-0.11552492686553358,0.0022952654648707364,24,18.405972146987914,B,XGB,잔차
"{'xgb__max_depth': 9, 'xgb__min_child_weight': 20, 'xgb__n_estimators': 300}",-0.11084192416934838,0.002006447574571504,1,2.9946107864379883,B,XGB,잔차
"{'xgb__max_depth': 9, 'xgb__min_child_weight': 20, 'xgb__n_estimators': 800}",-0.11256417969417247,0.002138668138037369,17,7.330524110794068,B,XGB,잔차
"{'xgb__max_depth': 9, 'xgb__min_child_weight': 20, 'xgb__n_estimators': 1500}",-0.11514130325718364,0.0024210288570559887,23,13.353956365585328,B,XGB,잔차
{'ridge__alpha': 0.1},-0.1451127340885885,0.007015483092790178,1,0.13608889579772948,T,Ridge,직접
{'ridge__alpha': 1},-0.1451152578605019,0.007016602323043329,2,0.13095273971557617,T,Ridge,직접
{'ridge__alpha': 10},-0.14514079967549098,0.007027721936425098,3,0.12865262031555175,T,Ridge,직접
{'ridge__alpha': 100},-0.14542111107206535,0.007135138913474875,4,0.13012332916259767,T,Ridge,직접
{'ridge__alpha': 0.1},-0.11016079414802146,0.001858465491550834,4,0.15701956748962403,T,Ridge,잔차
{'ridge__alpha': 1},-0.11016019986433949,0.0018581284158856691,3,0.1570582389831543,T,Ridge,잔차
{'ridge__alpha': 10},-0.1101543929861275,0.0018548380778450127,2,0.156477689743042,T,Ridge,잔차
{'ridge__alpha': 100},-0.11011377562173655,0.001830740728484516,1,0.16007561683654786,T,Ridge,잔차
"{'knn__n_neighbors': 5, 'knn__weights': 'uniform'}",-0.15984808977070716,0.0014860274423790546,8,0.14264655113220215,T,KNN,직접
"{'knn__n_neighbors': 5, 'knn__weights': 'distance'}",-0.159102134061475,0.0013468405621177614,7,0.13197383880615235,T,KNN,직접
"{'knn__n_neighbors': 10, 'knn__weights': 'uniform'}",-0.15499010925842566,0.0022401163029653246,5,0.1283468246459961,T,KNN,직접
"{'knn__n_neighbors': 10, 'knn__weights': 'distance'}",-0.15346674912110356,0.002132356503418009,2,0.14286365509033203,T,KNN,직접
"{'knn__n_neighbors': 20, 'knn__weights': 'uniform'}",-0.1548104531234044,0.0020117582755539397,4,0.15148019790649414,T,KNN,직접
"{'knn__n_neighbors': 20, 'knn__weights': 'distance'}",-0.152691245474507,0.0018417050951769695,1,0.13828573226928711,T,KNN,직접
"{'knn__n_neighbors': 40, 'knn__weights': 'uniform'}",-0.15718276619699223,0.0028528535074513373,6,0.12916159629821777,T,KNN,직접
"{'knn__n_neighbors': 40, 'knn__weights': 'distance'}",-0.15468444050133262,0.0025210486626825136,3,0.1465376853942871,T,KNN,직접
"{'knn__n_neighbors': 5, 'knn__weights': 'uniform'}",-0.11694076425431499,0.0019058597855928737,7,0.16156716346740724,T,KNN,잔차
"{'knn__n_neighbors': 5, 'knn__weights': 'distance'}",-0.11706163940276904,0.0018575272383899533,8,0.17864136695861815,T,KNN,잔차
"{'knn__n_neighbors': 10, 'knn__weights': 'uniform'}",-0.11185392890937121,0.0020254305155984224,5,0.1911142349243164,T,KNN,잔차
"{'knn__n_neighbors': 10, 'knn__weights': 'distance'}",-0.11191918440378743,0.0019672206351618337,6,0.17752394676208497,T,KNN,잔차
"{'knn__n_neighbors': 20, 'knn__weights': 'uniform'}",-0.10915816213215901,0.001908963542259696,4,0.16465520858764648,T,KNN,잔차
"{'knn__n_neighbors': 20, 'knn__weights': 'distance'}",-0.10912541121625981,0.001903604021448439,3,0.17124032974243164,T,KNN,잔차
"{'knn__n_neighbors': 40, 'knn__weights': 'uniform'}",-0.10790667346650462,0.002045660179632253,2,0.16573128700256348,T,KNN,잔차
"{'knn__n_neighbors': 40, 'knn__weights': 'distance'}",-0.10784572718742383,0.0020102969255684296,1,0.1642709732055664,T,KNN,잔차
"{'rf__max_features': 0.33, 'rf__min_samples_leaf': 2}",-0.1242157215497754,0.0038858854026487233,4,2.5049769401550295,T,RF,직접
"{'rf__max_features': 0.33, 'rf__min_samples_leaf': 5}",-0.12388671637643763,0.004106404468575167,1,2.0997384548187257,T,RF,직접
"{'rf__max_features': 0.33, 'rf__min_samples_leaf': 20}",-0.12551498280354098,0.0038874095540288095,6,1.736004638671875,T,RF,직접
"{'rf__max_features': 0.6, 'rf__min_samples_leaf': 2}",-0.12412710105880868,0.00397900684661279,3,4.449953222274781,T,RF,직접
"{'rf__max_features': 0.6, 'rf__min_samples_leaf': 5}",-0.12399772308508068,0.00415601998148997,2,3.730368947982788,T,RF,직접
"{'rf__max_features': 0.6, 'rf__min_samples_leaf': 20}",-0.12448565073006919,0.003978723404562088,5,2.9768302917480467,T,RF,직접
"{'rf__max_features': 0.33, 'rf__min_samples_leaf': 2}",-0.10565219364252718,0.0017275346988488262,5,3.8888949871063234,T,RF,잔차
"{'rf__max_features': 0.33, 'rf__min_samples_leaf': 5}",-0.10529836060212397,0.001715879318323706,1,3.3534003257751466,T,RF,잔차
"{'rf__max_features': 0.33, 'rf__min_samples_leaf': 20}",-0.1054032487782246,0.0018640723351089974,2,2.58662371635437,T,RF,잔차
"{'rf__max_features': 0.6, 'rf__min_samples_leaf': 2}",-0.1059787903092158,0.001766185170921027,6,6.931349086761474,T,RF,잔차
"{'rf__max_features': 0.6, 'rf__min_samples_leaf': 5}",-0.10565058524306559,0.0018648178845290266,4,5.817473316192627,T,RF,잔차
"{'rf__max_features': 0.6, 'rf__min_samples_leaf': 20}",-0.10555833518482849,0.001962834628193933,3,4.40792031288147,T,RF,잔차
"{'xgb__max_depth': 3, 'xgb__min_child_weight': 5, 'xgb__n_estimators': 300}",-0.12817612387513835,0.004991017333747721,24,0.9486969470977783,T,XGB,직접
"{'xgb__max_depth': 3, 'xgb__min_child_weight': 5, 'xgb__n_estimators': 800}",-0.12536263100964296,0.004876154255578996,18,2.2827245712280275,T,XGB,직접
"{'xgb__max_depth': 3, 'xgb__min_child_weight': 5, 'xgb__n_estimators': 1500}",-0.12446609836973892,0.004720353676396634,11,4.128248167037964,T,XGB,직접
"{'xgb__max_depth': 3, 'xgb__min_child_weight': 20, 'xgb__n_estimators': 300}",-0.12798032877023896,0.004883752222046801,23,0.9494582176208496,T,XGB,직접
"{'xgb__max_depth': 3, 'xgb__min_child_weight': 20, 'xgb__n_estimators': 800}",-0.12535886710516198,0.004866201689955446,17,2.2492505073547364,T,XGB,직접
"{'xgb__max_depth': 3, 'xgb__min_child_weight': 20, 'xgb__n_estimators': 1500}",-0.12469173233620434,0.004695618808415956,13,4.067673587799073,T,XGB,직접
"{'xgb__max_depth': 5, 'xgb__min_child_weight': 5, 'xgb__n_estimators': 300}",-0.12457043395629375,0.004729551317108027,12,1.3178156852722167,T,XGB,직접
"{'xgb__max_depth': 5, 'xgb__min_child_weight': 5, 'xgb__n_estimators': 800}",-0.12359976159779511,0.0046191895486622555,1,3.184964990615845,T,XGB,직접
"{'xgb__max_depth': 5, 'xgb__min_child_weight': 5, 'xgb__n_estimators': 1500}",-0.12407217166584575,0.004577766654060988,5,5.793368577957153,T,XGB,직접
"{'xgb__max_depth': 5, 'xgb__min_child_weight': 20, 'xgb__n_estimators': 300}",-0.12488235832256914,0.004404173914772517,14,1.306080198287964,T,XGB,직접
"{'xgb__max_depth': 5, 'xgb__min_child_weight': 20, 'xgb__n_estimators': 800}",-0.12404338312518678,0.004185900629788581,3,3.2475192070007326,T,XGB,직접
"{'xgb__max_depth': 5, 'xgb__min_child_weight': 20, 'xgb__n_estimators': 1500}",-0.12438007707950846,0.004015250960911449,10,5.780283641815186,T,XGB,직접
"{'xgb__max_depth': 7, 'xgb__min_child_weight': 5, 'xgb__n_estimators': 300}",-0.1238487791266452,0.004540463378882016,2,2.016553831100464,T,XGB,직접
"{'xgb__max_depth': 7, 'xgb__min_child_weight': 5, 'xgb__n_estimators': 800}",-0.12435273830540021,0.004481985515272722,9,4.795709562301636,T,XGB,직접
"{'xgb__max_depth': 7, 'xgb__min_child_weight': 5, 'xgb__n_estimators': 1500}",-0.1256672856122772,0.0042957545636065405,20,8.864042043685913,T,XGB,직접
"{'xgb__max_depth': 7, 'xgb__min_child_weight': 20, 'xgb__n_estimators': 300}",-0.12416052661337393,0.004133119387764125,7,1.8492498397827148,T,XGB,직접
"{'xgb__max_depth': 7, 'xgb__min_child_weight': 20, 'xgb__n_estimators': 800}",-0.12434979722525925,0.00411033442437003,8,4.367054510116577,T,XGB,직접
"{'xgb__max_depth': 7, 'xgb__min_child_weight': 20, 'xgb__n_estimators': 1500}",-0.125632913835697,0.004069582007161517,19,8.853503227233887,T,XGB,직접
"{'xgb__max_depth': 9, 'xgb__min_child_weight': 5, 'xgb__n_estimators': 300}",-0.12405079690029433,0.004286545149940883,4,3.5201107025146485,T,XGB,직접
"{'xgb__max_depth': 9, 'xgb__min_child_weight': 5, 'xgb__n_estimators': 800}",-0.1251289789961471,0.004213320825560629,16,7.654122400283813,T,XGB,직접
"{'xgb__max_depth': 9, 'xgb__min_child_weight': 5, 'xgb__n_estimators': 1500}",-0.1263059341148158,0.004285513737487692,21,13.777202463150024,T,XGB,직접
"{'xgb__max_depth': 9, 'xgb__min_child_weight': 20, 'xgb__n_estimators': 300}",-0.12412278116430009,0.004066149904966834,6,2.632890319824219,T,XGB,직접
"{'xgb__max_depth': 9, 'xgb__min_child_weight': 20, 'xgb__n_estimators': 800}",-0.12499362311715209,0.00399300239506174,15,6.081846380233765,T,XGB,직접
"{'xgb__max_depth': 9, 'xgb__min_child_weight': 20, 'xgb__n_estimators': 1500}",-0.12642555449783338,0.004033861325537985,22,12.856511116027832,T,XGB,직접
"{'xgb__max_depth': 3, 'xgb__min_child_weight': 5, 'xgb__n_estimators': 300}",-0.10710646764483141,0.001816780004392256,17,1.1548124313354493,T,XGB,잔차
"{'xgb__max_depth': 3, 'xgb__min_child_weight': 5, 'xgb__n_estimators': 800}",-0.10664764394300599,0.0017948132793543965,12,2.7167078971862795,T,XGB,잔차
"{'xgb__max_depth': 3, 'xgb__min_child_weight': 5, 'xgb__n_estimators': 1500}",-0.10666407628388337,0.0018439825553114302,13,4.928235721588135,T,XGB,잔차
"{'xgb__max_depth': 3, 'xgb__min_child_weight': 20, 'xgb__n_estimators': 300}",-0.10710660169954425,0.001805326534905186,18,1.0808796405792236,T,XGB,잔차
"{'xgb__max_depth': 3, 'xgb__min_child_weight': 20, 'xgb__n_estimators': 800}",-0.10657752205209461,0.0017264341196815565,10,2.5731454372406004,T,XGB,잔차
"{'xgb__max_depth': 3, 'xgb__min_child_weight': 20, 'xgb__n_estimators': 1500}",-0.10650324254081947,0.0017119658222376844,9,4.868252277374268,T,XGB,잔차
"{'xgb__max_depth': 5, 'xgb__min_child_weight': 5, 'xgb__n_estimators': 300}",-0.10604829351846978,0.0018597485107901006,7,1.6176502227783203,T,XGB,잔차
"{'xgb__max_depth': 5, 'xgb__min_child_weight': 5, 'xgb__n_estimators': 800}",-0.10598157613891494,0.002120391780555033,4,4.717823076248169,T,XGB,잔차
"{'xgb__max_depth': 5, 'xgb__min_child_weight': 5, 'xgb__n_estimators': 1500}",-0.10688852641118085,0.002457959536614356,15,7.360507822036743,T,XGB,잔차
"{'xgb__max_depth': 5, 'xgb__min_child_weight': 20, 'xgb__n_estimators': 300}",-0.10616523414953287,0.0018376483678060758,8,1.5483587265014649,T,XGB,잔차
"{'xgb__max_depth': 5, 'xgb__min_child_weight': 20, 'xgb__n_estimators': 800}",-0.10604015410154696,0.0019312561485686295,6,3.837546968460083,T,XGB,잔차
"{'xgb__max_depth': 5, 'xgb__min_child_weight': 20, 'xgb__n_estimators': 1500}",-0.10689179146279548,0.0022427352899052674,16,6.889601325988769,T,XGB,잔차
"{'xgb__max_depth': 7, 'xgb__min_child_weight': 5, 'xgb__n_estimators': 300}",-0.10574146944309308,0.0018823165243910137,2,2.4271384716033935,T,XGB,잔차
"{'xgb__max_depth': 7, 'xgb__min_child_weight': 5, 'xgb__n_estimators': 800}",-0.10687703688228578,0.00210670491826573,14,6.159599494934082,T,XGB,잔차
"{'xgb__max_depth': 7, 'xgb__min_child_weight': 5, 'xgb__n_estimators': 1500}",-0.10895760024758774,0.0023156430960623686,22,12.005113792419433,T,XGB,잔차
"{'xgb__max_depth': 7, 'xgb__min_child_weight': 20, 'xgb__n_estimators': 300}",-0.10570773695638387,0.0019723275050168984,1,2.2945389270782472,T,XGB,잔차
"{'xgb__max_depth': 7, 'xgb__min_child_weight': 20, 'xgb__n_estimators': 800}",-0.10664081001587453,0.0020810742510467945,11,5.7078407287597654,T,XGB,잔차
"{'xgb__max_depth': 7, 'xgb__min_child_weight': 20, 'xgb__n_estimators': 1500}",-0.10850652542522277,0.002375908302542538,21,10.285345935821534,T,XGB,잔차
"{'xgb__max_depth': 9, 'xgb__min_child_weight': 5, 'xgb__n_estimators': 300}",-0.10601724216024307,0.0021246737493133255,5,4.021840238571167,T,XGB,잔차
"{'xgb__max_depth': 9, 'xgb__min_child_weight': 5, 'xgb__n_estimators': 800}",-0.10832039396272979,0.0023798367483133004,20,10.737401390075684,T,XGB,잔차
"{'xgb__max_depth': 9, 'xgb__min_child_weight': 5, 'xgb__n_estimators': 1500}",-0.11043576666970971,0.002589793779603482,24,19.93106679916382,T,XGB,잔차
"{'xgb__max_depth': 9, 'xgb__min_child_weight': 20, 'xgb__n_estimators': 300}",-0.10592415408082179,0.0020438396459967955,3,5.208352565765381,T,XGB,잔차
"{'xgb__max_depth': 9, 'xgb__min_child_weight': 20, 'xgb__n_estimators': 800}",-0.10778963931527945,0.0023972975972294296,19,8.033043956756591,T,XGB,잔차
"{'xgb__max_depth': 9, 'xgb__min_child_weight': 20, 'xgb__n_estimators': 1500}",-0.11040971882341791,0.002635491898080872,23,15.720229578018188,T,XGB,잔차
