상황,계열,방식,변수,중요도
A,RF,직접,log_public_m2,0.43439750487715323
A,RF,직접,log_area,0.030313370727593034
A,RF,직접,floor,0.00950565371370574
A,RF,직접,is_basement,0.005684374554031319
A,RF,직접,rel_floor,0.010438146066722647
A,RF,직접,is_top_floor,0.0007527590684276099
A,RF,직접,age,0.11342995435040092
A,RF,직접,elevator,0.07906581677447844
A,RF,직접,grnd_flr,0.018264812607407567
A,RF,직접,log_hhld,0.011227325299373552
A,RF,직접,parking_per_hhld,0.00991091283564451
A,RF,직접,log_station,0.012929602058985782
A,RF,직접,log_land,0.06211725830289255
A,RF,직접,lon,0.09162051615501293
A,RF,직접,lat,0.023209926907403446
A,RF,직접,gangnam,0.07587621380820368
A,RF,직접,hwagok,0.01125585189256302
A,RF,잔차,log_public_m2,0.08198775426362741
A,RF,잔차,log_area,0.09895231979375854
A,RF,잔차,floor,0.025992353656168574
A,RF,잔차,is_basement,0.003104167742467834
A,RF,잔차,rel_floor,0.02900479470703502
A,RF,잔차,is_top_floor,0.004137092919914406
A,RF,잔차,age,0.06848833916642212
A,RF,잔차,elevator,0.00554389629789421
A,RF,잔차,grnd_flr,0.02190146009615377
A,RF,잔차,log_hhld,0.03470704677757292
A,RF,잔차,parking_per_hhld,0.036532157028700045
A,RF,잔차,log_station,0.08034723359388123
A,RF,잔차,log_land,0.07472370532443996
A,RF,잔차,lon,0.07377483573685621
A,RF,잔차,lat,0.07818509127026015
A,RF,잔차,gangnam,0.0010894008764677663
A,RF,잔차,hwagok,0.0012675386083145738
A,RF,잔차,b1_ratio,0.06265272724415591
A,RF,잔차,area_ratio,0.03776269470227814
A,RF,잔차,area_sd,0.037980216172990675
A,RF,잔차,b_n,0.02554786815403351
A,RF,잔차,b_gap,0.0621228367483669
A,RF,잔차,b_sd,0.054194469118240225
A,XGB,직접,log_public_m2,0.10109460353851318
A,XGB,직접,log_area,0.002594358753412962
A,XGB,직접,floor,0.005677763372659683
A,XGB,직접,is_basement,0.025734245777130127
A,XGB,직접,rel_floor,0.002034019213169813
A,XGB,직접,is_top_floor,0.0007275576936081052
A,XGB,직접,age,0.007246100343763828
A,XGB,직접,elevator,0.25644516944885254
A,XGB,직접,grnd_flr,0.002949768677353859
A,XGB,직접,log_hhld,0.002052907133474946
A,XGB,직접,parking_per_hhld,0.001569176441989839
A,XGB,직접,log_station,0.0015004858141764998
A,XGB,직접,log_land,0.0057314308360219
A,XGB,직접,lon,0.013905362226068974
A,XGB,직접,lat,0.0022975916508585215
A,XGB,직접,gangnam,0.5586361289024353
A,XGB,직접,hwagok,0.009803375229239464
A,XGB,잔차,log_public_m2,0.039581917226314545
A,XGB,잔차,log_area,0.04885843023657799
A,XGB,잔차,floor,0.06047793850302696
A,XGB,잔차,is_basement,0.051002517342567444
A,XGB,잔차,rel_floor,0.04327085614204407
A,XGB,잔차,is_top_floor,0.029483601450920105
A,XGB,잔차,age,0.07995911687612534
A,XGB,잔차,elevator,0.040443986654281616
A,XGB,잔차,grnd_flr,0.05559508129954338
A,XGB,잔차,log_hhld,0.03747887164354324
A,XGB,잔차,parking_per_hhld,0.03514885902404785
A,XGB,잔차,log_station,0.044598933309316635
A,XGB,잔차,log_land,0.04247019812464714
A,XGB,잔차,lon,0.042503997683525085
A,XGB,잔차,lat,0.044066231697797775
A,XGB,잔차,gangnam,0.043215543031692505
A,XGB,잔차,hwagok,0.034418363124132156
A,XGB,잔차,b1_ratio,0.03429502621293068
A,XGB,잔차,area_ratio,0.037525393068790436
A,XGB,잔차,area_sd,0.04172791540622711
A,XGB,잔차,b_n,0.035654518753290176
A,XGB,잔차,b_gap,0.03703174740076065
A,XGB,잔차,b_sd,0.04119095578789711
B,RF,직접,log_public_m2,0.4451275921163116
B,RF,직접,log_area,0.03316482623556525
B,RF,직접,floor,0.009244843881409589
B,RF,직접,is_basement,0.005341649183106745
B,RF,직접,rel_floor,0.009694028775887303
B,RF,직접,is_top_floor,0.0007387982706369804
B,RF,직접,age,0.10606764244486513
B,RF,직접,elevator,0.08204774665695692
B,RF,직접,grnd_flr,0.01405577362211302
B,RF,직접,log_hhld,0.01248699502893738
B,RF,직접,parking_per_hhld,0.010664279633754796
B,RF,직접,log_station,0.01273832940770777
B,RF,직접,log_land,0.04900551718061423
B,RF,직접,lon,0.09802826093080291
B,RF,직접,lat,0.024168034226379496
B,RF,직접,gangnam,0.07478057698564976
B,RF,직접,hwagok,0.012645105419301163
B,RF,잔차,log_public_m2,0.08212699737349075
B,RF,잔차,log_area,0.09880805900746223
B,RF,잔차,floor,0.02624855193423158
B,RF,잔차,is_basement,0.003366368484070354
B,RF,잔차,rel_floor,0.02981311673810012
B,RF,잔차,is_top_floor,0.004082503760841155
B,RF,잔차,age,0.06851327246129679
B,RF,잔차,elevator,0.005423695852589128
B,RF,잔차,grnd_flr,0.020736477096633454
B,RF,잔차,log_hhld,0.03548452860160799
B,RF,잔차,parking_per_hhld,0.03686392965665071
B,RF,잔차,log_station,0.07807674076733816
B,RF,잔차,log_land,0.07391508308702388
B,RF,잔차,lon,0.07374731148144124
B,RF,잔차,lat,0.0769377960215777
B,RF,잔차,gangnam,0.0009491437659724811
B,RF,잔차,hwagok,0.0013082811434121007
B,RF,잔차,b1_ratio,0.06383689442715523
B,RF,잔차,area_ratio,0.03691560195210253
B,RF,잔차,area_sd,0.04020649592654278
B,RF,잔차,b_n,0.026210138378460365
B,RF,잔차,b_gap,0.06269491789421293
B,RF,잔차,b_sd,0.05373409418778638
B,XGB,직접,log_public_m2,0.11183703690767288
B,XGB,직접,log_area,0.0029732396360486746
B,XGB,직접,floor,0.00861207116395235
B,XGB,직접,is_basement,0.043383803218603134
B,XGB,직접,rel_floor,0.0015955442795529962
B,XGB,직접,is_top_floor,0.0005668808007612824
B,XGB,직접,age,0.009982413612306118
B,XGB,직접,elevator,0.28811484575271606
B,XGB,직접,grnd_flr,0.0028005784843117
B,XGB,직접,log_hhld,0.0019247792661190033
B,XGB,직접,parking_per_hhld,0.0017314209835603833
B,XGB,직접,log_station,0.0016007170779630542
B,XGB,직접,log_land,0.007114113308489323
B,XGB,직접,lon,0.012990796007215977
B,XGB,직접,lat,0.002399739343672991
B,XGB,직접,gangnam,0.49196282029151917
B,XGB,직접,hwagok,0.010409237816929817
B,XGB,잔차,log_public_m2,0.04147832840681076
B,XGB,잔차,log_area,0.04869572073221207
B,XGB,잔차,floor,0.05895889550447464
B,XGB,잔차,is_basement,0.036111194640398026
B,XGB,잔차,rel_floor,0.042683348059654236
B,XGB,잔차,is_top_floor,0.02756747044622898
B,XGB,잔차,age,0.07491327077150345
B,XGB,잔차,elevator,0.036297962069511414
B,XGB,잔차,grnd_flr,0.0582062304019928
B,XGB,잔차,log_hhld,0.03888535127043724
B,XGB,잔차,parking_per_hhld,0.036210816353559494
B,XGB,잔차,log_station,0.044307511299848557
B,XGB,잔차,log_land,0.043566491454839706
B,XGB,잔차,lon,0.045424219220876694
B,XGB,잔차,lat,0.045129433274269104
B,XGB,잔차,gangnam,0.025047902017831802
B,XGB,잔차,hwagok,0.06040316820144653
B,XGB,잔차,b1_ratio,0.036736659705638885
B,XGB,잔차,area_ratio,0.04094039648771286
B,XGB,잔차,area_sd,0.04268195107579231
B,XGB,잔차,b_n,0.036167748272418976
B,XGB,잔차,b_gap,0.03939437121152878
B,XGB,잔차,b_sd,0.040191516280174255
T,RF,직접,log_public_m2,0.45003408112762533
T,RF,직접,log_area,0.028807100483514758
T,RF,직접,floor,0.007639998184009213
T,RF,직접,is_basement,0.005166483730001064
T,RF,직접,rel_floor,0.00976478481274331
T,RF,직접,is_top_floor,0.0003900004531560907
T,RF,직접,age,0.1266586022799297
T,RF,직접,elevator,0.09090316237377305
T,RF,직접,grnd_flr,0.016654147885058503
T,RF,직접,log_hhld,0.010414408638501106
T,RF,직접,parking_per_hhld,0.009318033265334893
T,RF,직접,log_station,0.010133036234298136
T,RF,직접,log_land,0.056298281122850416
T,RF,직접,lon,0.08245687572165793
T,RF,직접,lat,0.021143457644471106
T,RF,직접,gangnam,0.0664023676183115
T,RF,직접,hwagok,0.007815178424764
T,RF,잔차,log_public_m2,0.08432797616436499
T,RF,잔차,log_area,0.09981938475230091
T,RF,잔차,floor,0.028298496640951232
T,RF,잔차,is_basement,0.004406704838329648
T,RF,잔차,rel_floor,0.03093647426127931
T,RF,잔차,is_top_floor,0.004013414385825266
T,RF,잔차,age,0.06409196060742328
T,RF,잔차,elevator,0.004027477878062887
T,RF,잔차,grnd_flr,0.01875770350421747
T,RF,잔차,log_hhld,0.035380406273996044
T,RF,잔차,parking_per_hhld,0.040371938938452014
T,RF,잔차,log_station,0.08259115096141911
T,RF,잔차,log_land,0.07497163677113503
T,RF,잔차,lon,0.07472402487706209
T,RF,잔차,lat,0.07795282578943445
T,RF,잔차,gangnam,0.0012284776797355144
T,RF,잔차,hwagok,0.0014420306132684993
T,RF,잔차,b1_ratio,0.06402299683390945
T,RF,잔차,area_ratio,0.0366165148281536
T,RF,잔차,area_sd,0.03935193361784494
T,RF,잔차,b_n,0.02179857625899966
T,RF,잔차,b_gap,0.061466589348917175
T,RF,잔차,b_sd,0.04940130417491748
T,XGB,직접,log_public_m2,0.0852895975112915
T,XGB,직접,log_area,0.002379680285230279
T,XGB,직접,floor,0.005092076025903225
T,XGB,직접,is_basement,0.028816495090723038
T,XGB,직접,rel_floor,0.0011949497275054455
T,XGB,직접,is_top_floor,0.0005629993393085897
T,XGB,직접,age,0.007612892426550388
T,XGB,직접,elevator,0.29985368251800537
T,XGB,직접,grnd_flr,0.0028181010857224464
T,XGB,직접,log_hhld,0.0019152328604832292
T,XGB,직접,parking_per_hhld,0.0016250826884061098
T,XGB,직접,log_station,0.0014532306231558323
T,XGB,직접,log_land,0.004684926941990852
T,XGB,직접,lon,0.012392658740282059
T,XGB,직접,lat,0.0017587598413228989
T,XGB,직접,gangnam,0.5355411767959595
T,XGB,직접,hwagok,0.0070082577876746655
T,XGB,잔차,log_public_m2,0.04111085459589958
T,XGB,잔차,log_area,0.05223066359758377
T,XGB,잔차,floor,0.07858631014823914
T,XGB,잔차,is_basement,0.04812561348080635
T,XGB,잔차,rel_floor,0.051311470568180084
T,XGB,잔차,is_top_floor,0.0335208922624588
T,XGB,잔차,age,0.07874669134616852
T,XGB,잔차,elevator,0.04346737638115883
T,XGB,잔차,grnd_flr,0.041157785803079605
T,XGB,잔차,log_hhld,0.0426306389272213
T,XGB,잔차,parking_per_hhld,0.0371316634118557
T,XGB,잔차,log_station,0.04702017456293106
T,XGB,잔차,log_land,0.04310023784637451
T,XGB,잔차,lon,0.04426826909184456
T,XGB,잔차,lat,0.04488085210323334
T,XGB,잔차,gangnam,0.038673605769872665
T,XGB,잔차,hwagok,0.0
T,XGB,잔차,b1_ratio,0.03641612455248833
T,XGB,잔차,area_ratio,0.03621432185173035
T,XGB,잔차,area_sd,0.04123617708683014
T,XGB,잔차,b_n,0.037825509905815125
T,XGB,잔차,b_gap,0.03818979486823082
T,XGB,잔차,b_sd,0.04415486007928848
