기간,우리 지수,부동산원,개월,수준 상관,3개월 변화율 상관,같은 방향 비율(3개월),차이 절댓값 평균(pt),기간 변화(우리 %),기간 변화(부동산원 %)
최근 3년,강서구,서남권(동향조사),35,0.718,0.35,0.562,4.565,0.027,0.108
최근 3년,강서구,서울(실거래),34,0.623,0.466,0.484,9.83,0.022,0.227
최근 3년,관악구,서남권(동향조사),35,0.917,0.208,0.688,1.418,0.089,0.108
최근 3년,관악구,서울(실거래),34,0.921,0.03,0.613,6.279,0.082,0.227
최근 3년,강남구,동남권(동향조사),35,0.903,0.46,0.719,2.791,0.131,0.159
최근 3년,강남구,서울(실거래),34,0.88,0.244,0.677,4.431,0.106,0.227
6년,강서구,서남권(동향조사),71,0.415,0.419,0.618,4.887,0.087,0.087
6년,강서구,서울(실거래),70,0.429,0.496,0.627,14.24,0.082,0.409
6년,관악구,서남권(동향조사),71,0.586,0.303,0.691,2.562,0.195,0.087
6년,관악구,서울(실거래),70,0.736,0.232,0.672,9.388,0.188,0.409
6년,강남구,동남권(동향조사),71,0.859,0.35,0.691,3.379,0.278,0.198
6년,강남구,서울(실거래),70,0.881,0.192,0.687,4.588,0.25,0.409
