,강서구,관악구,강남구,동남권(동향조사),서남권(동향조사),서울(동향조사),서울(실거래)
2020-10,93.05,85.5,80.87,85.06,93.41,89.98,71.54
2020-11,92.48,85.23,78.55,85.22,93.52,90.13,72.94
2020-12,92.97,85.89,77.72,85.41,93.64,90.31,73.38
2021-01,92.91,85.64,77.89,86.18,93.91,90.68,74.47
2021-02,94.04,86.07,79.33,86.44,94.11,90.94,74.6
2021-03,94.32,85.45,81.43,86.57,94.29,91.14,75.17
2021-04,95.09,86.13,81.7,86.71,94.43,91.32,76.07
2021-05,95.78,87.45,82.5,86.94,94.59,91.54,77.57
2021-06,95.59,88.88,83.43,87.36,94.91,91.89,78.8
2021-07,96.26,91.34,85.74,87.71,95.12,92.17,79.76
2021-08,96.68,92.43,84.94,88.11,95.32,92.46,80.7
2021-09,98.4,94.34,85.2,88.99,95.45,92.85,81.98
2021-10,99.11,96.12,84.46,89.84,95.84,93.36,83.01
2021-11,99.74,98.02,86.64,90.5,96.2,93.81,83.12
2021-12,100.56,98.4,88.07,90.88,96.41,94.04,82.68
2022-01,101.31,97.72,89.62,90.97,96.49,94.07,83.88
2022-02,101.94,96.54,90.66,90.9,96.46,94.0,83.69
2022-03,102.82,98.41,89.28,90.97,96.44,93.99,85.08
2022-04,103.81,99.72,87.4,91.04,96.41,93.99,86.28
2022-05,104.76,101.39,88.08,91.08,96.35,94.02,86.28
2022-06,104.97,99.17,87.81,91.1,96.3,94.0,88.11
2022-07,105.64,98.6,88.19,91.13,96.25,94.0,88.42
2022-08,105.61,97.42,86.34,91.01,96.15,93.93,87.26
2022-09,105.83,97.59,88.63,90.83,95.98,93.79,85.03
2022-10,105.43,95.89,87.65,90.42,95.71,93.51,84.61
2022-11,104.19,94.99,87.54,89.92,95.12,93.04,82.5
2022-12,102.99,99.44,85.99,89.35,94.32,92.23,80.7
2023-01,101.14,100.66,87.19,88.88,93.7,91.7,80.62
2023-02,100.54,99.58,85.46,88.36,93.18,91.26,81.72
2023-03,100.11,93.39,82.91,87.97,92.76,90.93,80.65
2023-04,100.84,90.82,83.77,87.71,92.35,90.65,81.68
2023-05,100.96,89.55,83.82,87.58,91.93,90.35,81.58
2023-06,100.38,89.44,89.0,87.7,91.63,90.22,81.96
2023-07,99.12,91.08,91.78,87.69,91.59,90.17,81.4
2023-08,97.79,93.21,95.24,87.75,91.58,90.17,82.36
2023-09,97.31,94.05,94.77,87.81,91.63,90.22,82.33
2023-10,98.5,93.84,91.39,87.86,91.69,90.26,82.17
2023-11,99.88,92.59,91.02,87.81,91.64,90.22,81.29
2023-12,100.09,91.64,88.91,87.82,91.57,90.18,81.66
2024-01,99.42,89.1,88.04,87.73,91.52,90.13,82.08
2024-02,98.12,89.83,84.57,87.73,91.46,90.09,81.91
2024-03,96.92,90.9,84.87,87.73,91.43,90.08,82.49
2024-04,95.8,92.34,83.2,87.73,91.4,90.08,82.35
2024-05,95.81,93.44,85.81,87.79,91.38,90.11,82.68
2024-06,96.64,93.29,84.03,87.92,91.47,90.21,83.72
2024-07,97.43,93.6,87.61,88.08,91.59,90.36,84.94
2024-08,97.68,92.37,87.41,88.37,91.8,90.57,85.63
2024-09,97.76,93.11,89.65,88.62,91.93,90.75,85.53
2024-10,97.16,93.69,89.98,88.87,92.03,90.91,85.05
2024-11,97.02,94.22,88.37,88.99,92.07,91.04,85.72
2024-12,96.88,93.7,89.46,89.07,92.08,91.11,84.88
2025-01,96.84,93.58,87.87,89.12,92.09,91.16,85.9
2025-02,96.97,92.6,89.72,89.3,92.12,91.25,86.17
2025-03,97.11,93.25,88.54,89.52,92.2,91.38,87.19
2025-04,97.44,93.41,90.56,89.61,92.31,91.5,87.14
2025-05,98.57,95.1,90.51,89.79,92.41,91.65,88.21
2025-06,98.92,95.24,94.37,90.11,92.57,91.93,90.47
2025-07,99.19,95.95,95.0,90.39,92.77,92.2,90.93
2025-08,98.56,95.47,95.08,90.91,93.15,92.64,91.59
2025-09,98.66,96.93,94.04,91.7,93.63,93.29,92.17
2025-10,98.31,96.59,95.42,93.19,94.49,94.24,92.81
2025-11,98.26,97.97,99.96,94.52,95.32,95.07,93.7
2025-12,99.04,95.67,102.25,95.71,96.22,95.91,93.87
2026-01,100.65,96.85,105.58,96.8,97.03,96.67,96.88
2026-02,101.21,97.73,106.81,97.41,97.57,97.29,95.8
2026-03,100.51,99.46,107.13,97.81,98.06,97.8,94.23
2026-04,99.41,99.77,102.47,98.36,98.62,98.4,93.72
2026-05,99.17,99.28,100.56,99.17,99.23,99.15,96.93
2026-06,100.0,100.0,100.0,100.0,100.0,100.0,100.0
2026-07,100.65,101.58,101.12,100.97,100.81,100.96,100.79
2026-08,101.16,102.18,103.39,101.87,101.56,101.9,
