,강서구,관악구,강남구
2023-10,1.0069,0.9123,0.8821
2023-11,0.9992,0.8966,0.8757
2023-12,0.9899,0.8919,0.8669
2024-01,0.9828,0.872,0.8515
2024-02,0.97,0.8791,0.818
2024-03,0.9581,0.8896,0.8208
2024-04,0.9473,0.9036,0.8048
2024-05,0.9476,0.9144,0.83
2024-06,0.9558,0.913,0.8127
2024-07,0.9641,0.916,0.8474
2024-08,0.9664,0.904,0.8454
2024-09,0.9672,0.9112,0.8671
2024-10,0.9605,0.9169,0.8703
2024-11,0.9592,0.9221,0.8547
2024-12,0.9579,0.917,0.8652
2025-01,0.9575,0.9159,0.8499
2025-02,0.9586,0.9062,0.8678
2025-03,0.96,0.9126,0.8563
2025-04,0.9632,0.9142,0.8759
2025-05,0.9744,0.9307,0.8755
2025-06,0.9779,0.9321,0.9128
2025-07,0.9806,0.939,0.9189
2025-08,0.9743,0.9343,0.9197
2025-09,0.9753,0.9486,0.9096
2025-10,0.9719,0.9457,0.9246
2025-11,0.9714,0.9593,0.9716
2025-12,0.9791,0.9368,0.9938
2026-01,0.995,0.9478,1.0247
2026-02,1.0005,0.9565,1.0334
2026-03,0.9936,0.9734,1.0365
2026-04,0.9827,0.9764,0.9911
2026-05,0.9804,0.9716,0.9726
2026-06,0.9886,0.9787,0.9672
2026-07,0.995,0.9941,0.978
2026-08,1.0,1.0,1.0
