series,statbl_id,cls_id,region,month,index
동남권(동향조사),A_2024_00080,520015,서울>강남지역>동남권,2012-01,81.3227599316124
동남권(동향조사),A_2024_00080,520015,서울>강남지역>동남권,2012-02,81.3190126076286
동남권(동향조사),A_2024_00080,520015,서울>강남지역>동남권,2012-03,81.0144146113584
동남권(동향조사),A_2024_00080,520015,서울>강남지역>동남권,2012-04,80.8987091608584
동남권(동향조사),A_2024_00080,520015,서울>강남지역>동남권,2012-05,80.6629851319697
동남권(동향조사),A_2024_00080,520015,서울>강남지역>동남권,2012-06,80.5012824750436
동남권(동향조사),A_2024_00080,520015,서울>강남지역>동남권,2012-07,80.2508971476363
동남권(동향조사),A_2024_00080,520015,서울>강남지역>동남권,2012-08,79.8825183657465
동남권(동향조사),A_2024_00080,520015,서울>강남지역>동남권,2012-09,79.4275897104701
동남권(동향조사),A_2024_00080,520015,서울>강남지역>동남권,2012-10,79.3234433190328
동남권(동향조사),A_2024_00080,520015,서울>강남지역>동남권,2012-11,79.2096848536334
동남권(동향조사),A_2024_00080,520015,서울>강남지역>동남권,2012-12,78.9038996720129
동남권(동향조사),A_2024_00080,520015,서울>강남지역>동남권,2013-01,78.512459662064
동남권(동향조사),A_2024_00080,520015,서울>강남지역>동남권,2013-02,78.3914854388554
동남권(동향조사),A_2024_00080,520015,서울>강남지역>동남권,2013-03,78.3029364911248
동남권(동향조사),A_2024_00080,520015,서울>강남지역>동남권,2013-04,78.390359981701
동남권(동향조사),A_2024_00080,520015,서울>강남지역>동남권,2013-05,78.3447960947981
동남권(동향조사),A_2024_00080,520015,서울>강남지역>동남권,2013-06,77.901184051745
동남권(동향조사),A_2024_00080,520015,서울>강남지역>동남권,2013-07,77.606421189467
동남권(동향조사),A_2024_00080,520015,서울>강남지역>동남권,2013-08,77.3699402638723
동남권(동향조사),A_2024_00080,520015,서울>강남지역>동남권,2013-09,77.4914481957642
동남권(동향조사),A_2024_00080,520015,서울>강남지역>동남권,2013-10,77.5741170499007
동남권(동향조사),A_2024_00080,520015,서울>강남지역>동남권,2013-11,77.5240729840452
동남권(동향조사),A_2024_00080,520015,서울>강남지역>동남권,2013-12,77.3896496801401
동남권(동향조사),A_2024_00080,520015,서울>강남지역>동남권,2014-01,77.5528562748349
동남권(동향조사),A_2024_00080,520015,서울>강남지역>동남권,2014-02,77.6079124836834
동남권(동향조사),A_2024_00080,520015,서울>강남지역>동남권,2014-03,77.5250311743667
동남권(동향조사),A_2024_00080,520015,서울>강남지역>동남권,2014-04,77.3915143518334
동남권(동향조사),A_2024_00080,520015,서울>강남지역>동남권,2014-05,77.2975282790789
동남권(동향조사),A_2024_00080,520015,서울>강남지역>동남권,2014-06,77.2581083486941
동남권(동향조사),A_2024_00080,520015,서울>강남지역>동남권,2014-07,77.2209578365207
동남권(동향조사),A_2024_00080,520015,서울>강남지역>동남권,2014-08,77.2522481835511
동남권(동향조사),A_2024_00080,520015,서울>강남지역>동남권,2014-09,77.2762818396845
동남권(동향조사),A_2024_00080,520015,서울>강남지역>동남권,2014-10,77.3170952622667
동남권(동향조사),A_2024_00080,520015,서울>강남지역>동남권,2014-11,77.3829096624389
동남권(동향조사),A_2024_00080,520015,서울>강남지역>동남권,2014-12,77.3640434562749
동남권(동향조사),A_2024_00080,520015,서울>강남지역>동남권,2015-01,77.471214378083
동남권(동향조사),A_2024_00080,520015,서울>강남지역>동남권,2015-02,77.6023114497299
동남권(동향조사),A_2024_00080,520015,서울>강남지역>동남권,2015-03,77.8783217451678
동남권(동향조사),A_2024_00080,520015,서울>강남지역>동남권,2015-04,78.1727400222931
동남권(동향조사),A_2024_00080,520015,서울>강남지역>동남권,2015-05,78.477095824125
동남권(동향조사),A_2024_00080,520015,서울>강남지역>동남권,2015-06,78.757207003538
동남권(동향조사),A_2024_00080,520015,서울>강남지역>동남권,2015-07,79.002574350911
동남권(동향조사),A_2024_00080,520015,서울>강남지역>동남권,2015-08,79.1815619289487
동남권(동향조사),A_2024_00080,520015,서울>강남지역>동남권,2015-09,79.409535054693
동남권(동향조사),A_2024_00080,520015,서울>강남지역>동남권,2015-10,79.6065144776448
동남권(동향조사),A_2024_00080,520015,서울>강남지역>동남권,2015-11,79.7300083039023
동남권(동향조사),A_2024_00080,520015,서울>강남지역>동남권,2015-12,79.7967695114465
동남권(동향조사),A_2024_00080,520015,서울>강남지역>동남권,2016-01,79.7966349020304
동남권(동향조사),A_2024_00080,520015,서울>강남지역>동남권,2016-02,79.7507178673407
동남권(동향조사),A_2024_00080,520015,서울>강남지역>동남권,2016-03,79.7663191065721
동남권(동향조사),A_2024_00080,520015,서울>강남지역>동남권,2016-04,79.7775251852513
동남권(동향조사),A_2024_00080,520015,서울>강남지역>동남권,2016-05,79.8292406133161
동남권(동향조사),A_2024_00080,520015,서울>강남지역>동남권,2016-06,79.8884146832101
동남권(동향조사),A_2024_00080,520015,서울>강남지역>동남권,2016-07,79.9174725140117
동남권(동향조사),A_2024_00080,520015,서울>강남지역>동남권,2016-08,79.9753354802465
동남권(동향조사),A_2024_00080,520015,서울>강남지역>동남권,2016-09,80.0275121279346
동남권(동향조사),A_2024_00080,520015,서울>강남지역>동남권,2016-10,80.1121838066725
동남권(동향조사),A_2024_00080,520015,서울>강남지역>동남권,2016-11,80.1257047672399
동남권(동향조사),A_2024_00080,520015,서울>강남지역>동남권,2016-12,80.0803438892695
동남권(동향조사),A_2024_00080,520015,서울>강남지역>동남권,2017-01,80.051455835842
동남권(동향조사),A_2024_00080,520015,서울>강남지역>동남권,2017-02,80.079268466696
동남권(동향조사),A_2024_00080,520015,서울>강남지역>동남권,2017-03,80.144923310209
동남권(동향조사),A_2024_00080,520015,서울>강남지역>동남권,2017-04,80.2342822685471
동남권(동향조사),A_2024_00080,520015,서울>강남지역>동남권,2017-05,80.4063795833141
동남권(동향조사),A_2024_00080,520015,서울>강남지역>동남권,2017-06,80.8426540144536
동남권(동향조사),A_2024_00080,520015,서울>강남지역>동남권,2017-07,81.0173762923394
동남권(동향조사),A_2024_00080,520015,서울>강남지역>동남권,2017-08,81.1954266350596
동남권(동향조사),A_2024_00080,520015,서울>강남지역>동남권,2017-09,81.1646737365475
동남권(동향조사),A_2024_00080,520015,서울>강남지역>동남권,2017-10,81.3767699230375
동남권(동향조사),A_2024_00080,520015,서울>강남지역>동남권,2017-11,81.5796857691422
동남권(동향조사),A_2024_00080,520015,서울>강남지역>동남권,2017-12,81.8872921619296
동남권(동향조사),A_2024_00080,520015,서울>강남지역>동남권,2018-01,82.2347314160762
동남권(동향조사),A_2024_00080,520015,서울>강남지역>동남권,2018-02,82.7710766229665
동남권(동향조사),A_2024_00080,520015,서울>강남지역>동남권,2018-03,83.0370369937441
동남권(동향조사),A_2024_00080,520015,서울>강남지역>동남권,2018-04,83.1931616576864
동남권(동향조사),A_2024_00080,520015,서울>강남지역>동남권,2018-05,83.1629975429615
동남권(동향조사),A_2024_00080,520015,서울>강남지역>동남권,2018-06,83.1780968209247
동남권(동향조사),A_2024_00080,520015,서울>강남지역>동남권,2018-07,83.3151232614686
동남권(동향조사),A_2024_00080,520015,서울>강남지역>동남권,2018-08,83.5278162630746
동남권(동향조사),A_2024_00080,520015,서울>강남지역>동남권,2018-09,83.8384016598507
동남권(동향조사),A_2024_00080,520015,서울>강남지역>동남권,2018-10,84.0566595955066
동남권(동향조사),A_2024_00080,520015,서울>강남지역>동남권,2018-11,84.0921676717931
동남권(동향조사),A_2024_00080,520015,서울>강남지역>동남권,2018-12,84.0558521269274
동남권(동향조사),A_2024_00080,520015,서울>강남지역>동남권,2019-01,83.8816766940504
동남권(동향조사),A_2024_00080,520015,서울>강남지역>동남권,2019-02,83.7217480562065
동남권(동향조사),A_2024_00080,520015,서울>강남지역>동남권,2019-03,83.5486308332812
동남권(동향조사),A_2024_00080,520015,서울>강남지역>동남권,2019-04,83.4619240276822
동남권(동향조사),A_2024_00080,520015,서울>강남지역>동남권,2019-05,83.3834041041432
동남권(동향조사),A_2024_00080,520015,서울>강남지역>동남권,2019-06,83.3263799108514
동남권(동향조사),A_2024_00080,520015,서울>강남지역>동남권,2019-07,83.2884690832922
동남권(동향조사),A_2024_00080,520015,서울>강남지역>동남권,2019-08,83.3566197298501
동남권(동향조사),A_2024_00080,520015,서울>강남지역>동남권,2019-09,83.4556453708556
동남권(동향조사),A_2024_00080,520015,서울>강남지역>동남권,2019-10,83.661460823751
동남권(동향조사),A_2024_00080,520015,서울>강남지역>동남권,2019-11,83.887585167322
동남권(동향조사),A_2024_00080,520015,서울>강남지역>동남권,2019-12,84.1933840583396
동남권(동향조사),A_2024_00080,520015,서울>강남지역>동남권,2020-01,84.3144148769806
동남권(동향조사),A_2024_00080,520015,서울>강남지역>동남권,2020-02,84.405303294329
동남권(동향조사),A_2024_00080,520015,서울>강남지역>동남권,2020-03,84.485502849783
동남권(동향조사),A_2024_00080,520015,서울>강남지역>동남권,2020-04,84.4966375276281
동남권(동향조사),A_2024_00080,520015,서울>강남지역>동남권,2020-05,84.5039499428009
동남권(동향조사),A_2024_00080,520015,서울>강남지역>동남권,2020-06,84.5472069867673
동남권(동향조사),A_2024_00080,520015,서울>강남지역>동남권,2020-07,84.6448326857865
동남권(동향조사),A_2024_00080,520015,서울>강남지역>동남권,2020-08,84.8156845090604
동남권(동향조사),A_2024_00080,520015,서울>강남지역>동남권,2020-09,84.9529557925419
동남권(동향조사),A_2024_00080,520015,서울>강남지역>동남권,2020-10,85.0608848662024
동남권(동향조사),A_2024_00080,520015,서울>강남지역>동남권,2020-11,85.2209892855984
동남권(동향조사),A_2024_00080,520015,서울>강남지역>동남권,2020-12,85.4085962146707
동남권(동향조사),A_2024_00080,520015,서울>강남지역>동남권,2021-01,86.1778291707442
동남권(동향조사),A_2024_00080,520015,서울>강남지역>동남권,2021-02,86.4388966004725
동남권(동향조사),A_2024_00080,520015,서울>강남지역>동남권,2021-03,86.5743599006282
동남권(동향조사),A_2024_00080,520015,서울>강남지역>동남권,2021-04,86.7122180013441
동남권(동향조사),A_2024_00080,520015,서울>강남지역>동남권,2021-05,86.9411295012782
동남권(동향조사),A_2024_00080,520015,서울>강남지역>동남권,2021-06,87.3562323233463
동남권(동향조사),A_2024_00080,520015,서울>강남지역>동남권,2021-07,87.7094563921436
동남권(동향조사),A_2024_00080,520015,서울>강남지역>동남권,2021-08,88.1108744855354
동남권(동향조사),A_2024_00080,520015,서울>강남지역>동남권,2021-09,88.9920659923948
동남권(동향조사),A_2024_00080,520015,서울>강남지역>동남권,2021-10,89.8371819019642
동남권(동향조사),A_2024_00080,520015,서울>강남지역>동남권,2021-11,90.4967611047551
동남권(동향조사),A_2024_00080,520015,서울>강남지역>동남권,2021-12,90.8784333142985
동남권(동향조사),A_2024_00080,520015,서울>강남지역>동남권,2022-01,90.9696329604099
동남권(동향조사),A_2024_00080,520015,서울>강남지역>동남권,2022-02,90.9009623018821
동남권(동향조사),A_2024_00080,520015,서울>강남지역>동남권,2022-03,90.9665546413285
동남권(동향조사),A_2024_00080,520015,서울>강남지역>동남권,2022-04,91.0395805570344
동남권(동향조사),A_2024_00080,520015,서울>강남지역>동남권,2022-05,91.0827705712248
동남권(동향조사),A_2024_00080,520015,서울>강남지역>동남권,2022-06,91.1028565181083
동남권(동향조사),A_2024_00080,520015,서울>강남지역>동남권,2022-07,91.1263435684626
동남권(동향조사),A_2024_00080,520015,서울>강남지역>동남권,2022-08,91.0109892142565
동남권(동향조사),A_2024_00080,520015,서울>강남지역>동남권,2022-09,90.8299333139705
동남권(동향조사),A_2024_00080,520015,서울>강남지역>동남권,2022-10,90.4164377333278
동남권(동향조사),A_2024_00080,520015,서울>강남지역>동남권,2022-11,89.920356668873
동남권(동향조사),A_2024_00080,520015,서울>강남지역>동남권,2022-12,89.3495187844467
동남권(동향조사),A_2024_00080,520015,서울>강남지역>동남권,2023-01,88.8776046181808
동남권(동향조사),A_2024_00080,520015,서울>강남지역>동남권,2023-02,88.3634641595085
동남권(동향조사),A_2024_00080,520015,서울>강남지역>동남권,2023-03,87.9674996514903
동남권(동향조사),A_2024_00080,520015,서울>강남지역>동남권,2023-04,87.7122933843793
동남권(동향조사),A_2024_00080,520015,서울>강남지역>동남권,2023-05,87.5823572920599
동남권(동향조사),A_2024_00080,520015,서울>강남지역>동남권,2023-06,87.6985035878083
동남권(동향조사),A_2024_00080,520015,서울>강남지역>동남권,2023-07,87.6929305973217
동남권(동향조사),A_2024_00080,520015,서울>강남지역>동남권,2023-08,87.7549092904259
동남권(동향조사),A_2024_00080,520015,서울>강남지역>동남권,2023-09,87.8126251473286
동남권(동향조사),A_2024_00080,520015,서울>강남지역>동남권,2023-10,87.8601487050871
동남권(동향조사),A_2024_00080,520015,서울>강남지역>동남권,2023-11,87.8136893219133
동남권(동향조사),A_2024_00080,520015,서울>강남지역>동남권,2023-12,87.8244842607986
동남권(동향조사),A_2024_00080,520015,서울>강남지역>동남권,2024-01,87.7348296733388
동남권(동향조사),A_2024_00080,520015,서울>강남지역>동남권,2024-02,87.7281738125171
동남권(동향조사),A_2024_00080,520015,서울>강남지역>동남권,2024-03,87.729755820692
동남권(동향조사),A_2024_00080,520015,서울>강남지역>동남권,2024-04,87.7297056270571
동남권(동향조사),A_2024_00080,520015,서울>강남지역>동남권,2024-05,87.7901350915232
동남권(동향조사),A_2024_00080,520015,서울>강남지역>동남권,2024-06,87.9186749404946
동남권(동향조사),A_2024_00080,520015,서울>강남지역>동남권,2024-07,88.0800197794482
동남권(동향조사),A_2024_00080,520015,서울>강남지역>동남권,2024-08,88.3653693533033
동남권(동향조사),A_2024_00080,520015,서울>강남지역>동남권,2024-09,88.6239235552798
동남권(동향조사),A_2024_00080,520015,서울>강남지역>동남권,2024-10,88.8653791097135
동남권(동향조사),A_2024_00080,520015,서울>강남지역>동남권,2024-11,88.9898452583331
동남권(동향조사),A_2024_00080,520015,서울>강남지역>동남권,2024-12,89.0669051257098
동남권(동향조사),A_2024_00080,520015,서울>강남지역>동남권,2025-01,89.1248845958306
동남권(동향조사),A_2024_00080,520015,서울>강남지역>동남권,2025-02,89.3020935486216
동남권(동향조사),A_2024_00080,520015,서울>강남지역>동남권,2025-03,89.5215500274641
동남권(동향조사),A_2024_00080,520015,서울>강남지역>동남권,2025-04,89.6108751513172
동남권(동향조사),A_2024_00080,520015,서울>강남지역>동남권,2025-05,89.7918255696068
동남권(동향조사),A_2024_00080,520015,서울>강남지역>동남권,2025-06,90.1132756383045
동남권(동향조사),A_2024_00080,520015,서울>강남지역>동남권,2025-07,90.3860935429912
동남권(동향조사),A_2024_00080,520015,서울>강남지역>동남권,2025-08,90.914220100725
동남권(동향조사),A_2024_00080,520015,서울>강남지역>동남권,2025-09,91.7024737623059
동남권(동향조사),A_2024_00080,520015,서울>강남지역>동남권,2025-10,93.1911835961376
동남권(동향조사),A_2024_00080,520015,서울>강남지역>동남권,2025-11,94.5210118592857
동남권(동향조사),A_2024_00080,520015,서울>강남지역>동남권,2025-12,95.7114978948347
동남권(동향조사),A_2024_00080,520015,서울>강남지역>동남권,2026-01,96.8004900871724
동남권(동향조사),A_2024_00080,520015,서울>강남지역>동남권,2026-02,97.4148184434415
동남권(동향조사),A_2024_00080,520015,서울>강남지역>동남권,2026-03,97.8108476094944
동남권(동향조사),A_2024_00080,520015,서울>강남지역>동남권,2026-04,98.3577133318837
동남권(동향조사),A_2024_00080,520015,서울>강남지역>동남권,2026-05,99.1666716473504
동남권(동향조사),A_2024_00080,520015,서울>강남지역>동남권,2026-06,100.0
동남권(동향조사),A_2024_00080,520015,서울>강남지역>동남권,2026-07,100.966029739716
동남권(동향조사),A_2024_00080,520015,서울>강남지역>동남권,2026-08,101.872864701911
서남권(동향조사),A_2024_00080,520014,서울>강남지역>서남권,2012-01,91.9808974837756
서남권(동향조사),A_2024_00080,520014,서울>강남지역>서남권,2012-02,91.9680920511517
서남권(동향조사),A_2024_00080,520014,서울>강남지역>서남권,2012-03,91.79116968755
서남권(동향조사),A_2024_00080,520014,서울>강남지역>서남권,2012-04,91.6645793688788
서남권(동향조사),A_2024_00080,520014,서울>강남지역>서남권,2012-05,91.4970531609311
서남권(동향조사),A_2024_00080,520014,서울>강남지역>서남권,2012-06,91.3239312302675
서남권(동향조사),A_2024_00080,520014,서울>강남지역>서남권,2012-07,91.2329246858813
서남권(동향조사),A_2024_00080,520014,서울>강남지역>서남권,2012-08,91.0894112818608
서남권(동향조사),A_2024_00080,520014,서울>강남지역>서남권,2012-09,91.0159742732989
서남권(동향조사),A_2024_00080,520014,서울>강남지역>서남권,2012-10,90.7626142771915
서남권(동향조사),A_2024_00080,520014,서울>강남지역>서남권,2012-11,90.4881021056532
서남권(동향조사),A_2024_00080,520014,서울>강남지역>서남권,2012-12,90.0993864225088
서남권(동향조사),A_2024_00080,520014,서울>강남지역>서남권,2013-01,89.5098281821247
서남권(동향조사),A_2024_00080,520014,서울>강남지역>서남권,2013-02,89.1938688708467
서남권(동향조사),A_2024_00080,520014,서울>강남지역>서남권,2013-03,89.0759351168125
서남권(동향조사),A_2024_00080,520014,서울>강남지역>서남권,2013-04,88.7318527448119
서남권(동향조사),A_2024_00080,520014,서울>강남지역>서남권,2013-05,88.6425536419096
서남권(동향조사),A_2024_00080,520014,서울>강남지역>서남권,2013-06,88.4269472958426
서남권(동향조사),A_2024_00080,520014,서울>강남지역>서남권,2013-07,88.1729651872023
서남권(동향조사),A_2024_00080,520014,서울>강남지역>서남권,2013-08,87.9089936944981
서남권(동향조사),A_2024_00080,520014,서울>강남지역>서남권,2013-09,87.8385253298896
서남권(동향조사),A_2024_00080,520014,서울>강남지역>서남권,2013-10,87.7726742624684
서남권(동향조사),A_2024_00080,520014,서울>강남지역>서남권,2013-11,87.6934318833584
서남권(동향조사),A_2024_00080,520014,서울>강남지역>서남권,2013-12,87.5629759546398
서남권(동향조사),A_2024_00080,520014,서울>강남지역>서남권,2014-01,87.5094263486321
서남권(동향조사),A_2024_00080,520014,서울>강남지역>서남권,2014-02,87.5410190094869
서남권(동향조사),A_2024_00080,520014,서울>강남지역>서남권,2014-03,87.5711560299852
서남권(동향조사),A_2024_00080,520014,서울>강남지역>서남권,2014-04,87.3372507691513
서남권(동향조사),A_2024_00080,520014,서울>강남지역>서남권,2014-05,87.1911122196114
서남권(동향조사),A_2024_00080,520014,서울>강남지역>서남권,2014-06,87.0203342177236
서남권(동향조사),A_2024_00080,520014,서울>강남지역>서남권,2014-07,86.9218875604238
서남권(동향조사),A_2024_00080,520014,서울>강남지역>서남권,2014-08,86.7932809133428
서남권(동향조사),A_2024_00080,520014,서울>강남지역>서남권,2014-09,86.7568665102611
서남권(동향조사),A_2024_00080,520014,서울>강남지역>서남권,2014-10,86.7410375467868
서남권(동향조사),A_2024_00080,520014,서울>강남지역>서남권,2014-11,86.8042673963068
서남권(동향조사),A_2024_00080,520014,서울>강남지역>서남권,2014-12,86.7890507915016
서남권(동향조사),A_2024_00080,520014,서울>강남지역>서남권,2015-01,86.8144942834144
서남권(동향조사),A_2024_00080,520014,서울>강남지역>서남권,2015-02,86.765854372742
서남권(동향조사),A_2024_00080,520014,서울>강남지역>서남권,2015-03,86.7979319823622
서남권(동향조사),A_2024_00080,520014,서울>강남지역>서남권,2015-04,86.9637739199958
서남권(동향조사),A_2024_00080,520014,서울>강남지역>서남권,2015-05,87.1863045371136
서남권(동향조사),A_2024_00080,520014,서울>강남지역>서남권,2015-06,87.3706449799493
서남권(동향조사),A_2024_00080,520014,서울>강남지역>서남권,2015-07,87.5136127131322
서남권(동향조사),A_2024_00080,520014,서울>강남지역>서남권,2015-08,87.6028214213732
서남권(동향조사),A_2024_00080,520014,서울>강남지역>서남권,2015-09,87.7135598014937
서남권(동향조사),A_2024_00080,520014,서울>강남지역>서남권,2015-10,87.8560057438651
서남권(동향조사),A_2024_00080,520014,서울>강남지역>서남권,2015-11,88.0899370021097
서남권(동향조사),A_2024_00080,520014,서울>강남지역>서남권,2015-12,88.2162347307457
서남권(동향조사),A_2024_00080,520014,서울>강남지역>서남권,2016-01,88.262859181001
서남권(동향조사),A_2024_00080,520014,서울>강남지역>서남권,2016-02,88.2546793838355
서남권(동향조사),A_2024_00080,520014,서울>강남지역>서남권,2016-03,88.2412995885432
서남권(동향조사),A_2024_00080,520014,서울>강남지역>서남권,2016-04,88.2886473726214
서남권(동향조사),A_2024_00080,520014,서울>강남지역>서남권,2016-05,88.3326665225173
서남권(동향조사),A_2024_00080,520014,서울>강남지역>서남권,2016-06,88.380481744668
서남권(동향조사),A_2024_00080,520014,서울>강남지역>서남권,2016-07,88.4417717715279
서남권(동향조사),A_2024_00080,520014,서울>강남지역>서남권,2016-08,88.5254955404529
서남권(동향조사),A_2024_00080,520014,서울>강남지역>서남권,2016-09,88.6256094009003
서남권(동향조사),A_2024_00080,520014,서울>강남지역>서남권,2016-10,88.7491201266997
서남권(동향조사),A_2024_00080,520014,서울>강남지역>서남권,2016-11,88.8241580769069
서남권(동향조사),A_2024_00080,520014,서울>강남지역>서남권,2016-12,88.873850422894
서남권(동향조사),A_2024_00080,520014,서울>강남지역>서남권,2017-01,88.8801789831016
서남권(동향조사),A_2024_00080,520014,서울>강남지역>서남권,2017-02,88.8963425167215
서남권(동향조사),A_2024_00080,520014,서울>강남지역>서남권,2017-03,88.9515154470914
서남권(동향조사),A_2024_00080,520014,서울>강남지역>서남권,2017-04,89.1167593053679
서남권(동향조사),A_2024_00080,520014,서울>강남지역>서남권,2017-05,89.4289139856211
서남권(동향조사),A_2024_00080,520014,서울>강남지역>서남권,2017-06,89.6352785657907
서남권(동향조사),A_2024_00080,520014,서울>강남지역>서남권,2017-07,89.935584693629
서남권(동향조사),A_2024_00080,520014,서울>강남지역>서남권,2017-08,90.1785649125438
서남권(동향조사),A_2024_00080,520014,서울>강남지역>서남권,2017-09,90.2707894183908
서남권(동향조사),A_2024_00080,520014,서울>강남지역>서남권,2017-10,90.4029912699924
서남권(동향조사),A_2024_00080,520014,서울>강남지역>서남권,2017-11,90.6691703183023
서남권(동향조사),A_2024_00080,520014,서울>강남지역>서남권,2017-12,90.7921892240463
서남권(동향조사),A_2024_00080,520014,서울>강남지역>서남권,2018-01,90.9351341744182
서남권(동향조사),A_2024_00080,520014,서울>강남지역>서남권,2018-02,91.1826743968075
서남권(동향조사),A_2024_00080,520014,서울>강남지역>서남권,2018-03,91.3047759990822
서남권(동향조사),A_2024_00080,520014,서울>강남지역>서남권,2018-04,91.4306951809128
서남권(동향조사),A_2024_00080,520014,서울>강남지역>서남권,2018-05,91.5765079580971
서남권(동향조사),A_2024_00080,520014,서울>강남지역>서남권,2018-06,91.7213456233283
서남권(동향조사),A_2024_00080,520014,서울>강남지역>서남권,2018-07,91.9296662352036
서남권(동향조사),A_2024_00080,520014,서울>강남지역>서남권,2018-08,92.1537762813328
서남권(동향조사),A_2024_00080,520014,서울>강남지역>서남권,2018-09,92.387360843896
서남권(동향조사),A_2024_00080,520014,서울>강남지역>서남권,2018-10,92.5461947836482
서남권(동향조사),A_2024_00080,520014,서울>강남지역>서남권,2018-11,92.6476578309402
서남권(동향조사),A_2024_00080,520014,서울>강남지역>서남권,2018-12,92.6617232688767
서남권(동향조사),A_2024_00080,520014,서울>강남지역>서남권,2019-01,92.5873864070139
서남권(동향조사),A_2024_00080,520014,서울>강남지역>서남권,2019-02,92.5367823831875
서남권(동향조사),A_2024_00080,520014,서울>강남지역>서남권,2019-03,92.4579347671089
서남권(동향조사),A_2024_00080,520014,서울>강남지역>서남권,2019-04,92.3597654002016
서남권(동향조사),A_2024_00080,520014,서울>강남지역>서남권,2019-05,92.2739638712296
서남권(동향조사),A_2024_00080,520014,서울>강남지역>서남권,2019-06,92.1625800951464
서남권(동향조사),A_2024_00080,520014,서울>강남지역>서남권,2019-07,92.0983947604625
서남권(동향조사),A_2024_00080,520014,서울>강남지역>서남권,2019-08,92.0812004315258
서남권(동향조사),A_2024_00080,520014,서울>강남지역>서남권,2019-09,92.0711183442332
서남권(동향조사),A_2024_00080,520014,서울>강남지역>서남권,2019-10,92.1948715566578
서남권(동향조사),A_2024_00080,520014,서울>강남지역>서남권,2019-11,92.3082478557972
서남권(동향조사),A_2024_00080,520014,서울>강남지역>서남권,2019-12,92.7199967839813
서남권(동향조사),A_2024_00080,520014,서울>강남지역>서남권,2020-01,92.7663176632087
서남권(동향조사),A_2024_00080,520014,서울>강남지역>서남권,2020-02,92.8070464805773
서남권(동향조사),A_2024_00080,520014,서울>강남지역>서남권,2020-03,92.8508808743779
서남권(동향조사),A_2024_00080,520014,서울>강남지역>서남권,2020-04,92.8791557034148
서남권(동향조사),A_2024_00080,520014,서울>강남지역>서남권,2020-05,92.8725346965623
서남권(동향조사),A_2024_00080,520014,서울>강남지역>서남권,2020-06,92.929967122106
서남권(동향조사),A_2024_00080,520014,서울>강남지역>서남권,2020-07,93.0343413417872
서남권(동향조사),A_2024_00080,520014,서울>강남지역>서남권,2020-08,93.2185507751403
서남권(동향조사),A_2024_00080,520014,서울>강남지역>서남권,2020-09,93.3244769696516
서남권(동향조사),A_2024_00080,520014,서울>강남지역>서남권,2020-10,93.4070400368693
서남권(동향조사),A_2024_00080,520014,서울>강남지역>서남권,2020-11,93.5166512653
서남권(동향조사),A_2024_00080,520014,서울>강남지역>서남권,2020-12,93.6414004298357
서남권(동향조사),A_2024_00080,520014,서울>강남지역>서남권,2021-01,93.9062668769008
서남권(동향조사),A_2024_00080,520014,서울>강남지역>서남권,2021-02,94.1051636011114
서남권(동향조사),A_2024_00080,520014,서울>강남지역>서남권,2021-03,94.2852443545113
서남권(동향조사),A_2024_00080,520014,서울>강남지역>서남권,2021-04,94.4338625304994
서남권(동향조사),A_2024_00080,520014,서울>강남지역>서남권,2021-05,94.5944423333584
서남권(동향조사),A_2024_00080,520014,서울>강남지역>서남권,2021-06,94.907388751168
서남권(동향조사),A_2024_00080,520014,서울>강남지역>서남권,2021-07,95.1235182320167
서남권(동향조사),A_2024_00080,520014,서울>강남지역>서남권,2021-08,95.3182100180363
서남권(동향조사),A_2024_00080,520014,서울>강남지역>서남권,2021-09,95.4519715603157
서남권(동향조사),A_2024_00080,520014,서울>강남지역>서남권,2021-10,95.8412492835478
서남권(동향조사),A_2024_00080,520014,서울>강남지역>서남권,2021-11,96.204966707314
서남권(동향조사),A_2024_00080,520014,서울>강남지역>서남권,2021-12,96.4072206980524
서남권(동향조사),A_2024_00080,520014,서울>강남지역>서남권,2022-01,96.4872861804645
서남권(동향조사),A_2024_00080,520014,서울>강남지역>서남권,2022-02,96.4627074972909
서남권(동향조사),A_2024_00080,520014,서울>강남지역>서남권,2022-03,96.438477373363
서남권(동향조사),A_2024_00080,520014,서울>강남지역>서남권,2022-04,96.4145613235634
서남권(동향조사),A_2024_00080,520014,서울>강남지역>서남권,2022-05,96.3462010283327
서남권(동향조사),A_2024_00080,520014,서울>강남지역>서남권,2022-06,96.297248904052
서남권(동향조사),A_2024_00080,520014,서울>강남지역>서남권,2022-07,96.2533287623101
서남권(동향조사),A_2024_00080,520014,서울>강남지역>서남권,2022-08,96.1534216662699
서남권(동향조사),A_2024_00080,520014,서울>강남지역>서남권,2022-09,95.9848872388554
서남권(동향조사),A_2024_00080,520014,서울>강남지역>서남권,2022-10,95.7147589998305
서남권(동향조사),A_2024_00080,520014,서울>강남지역>서남권,2022-11,95.1188785855675
서남권(동향조사),A_2024_00080,520014,서울>강남지역>서남권,2022-12,94.3219969366372
서남권(동향조사),A_2024_00080,520014,서울>강남지역>서남권,2023-01,93.6950210739541
서남권(동향조사),A_2024_00080,520014,서울>강남지역>서남권,2023-02,93.1847244671195
서남권(동향조사),A_2024_00080,520014,서울>강남지역>서남권,2023-03,92.757421509918
서남권(동향조사),A_2024_00080,520014,서울>강남지역>서남권,2023-04,92.3525082849628
서남권(동향조사),A_2024_00080,520014,서울>강남지역>서남권,2023-05,91.9287319341819
서남권(동향조사),A_2024_00080,520014,서울>강남지역>서남권,2023-06,91.6296016301477
서남권(동향조사),A_2024_00080,520014,서울>강남지역>서남권,2023-07,91.5944964208576
서남권(동향조사),A_2024_00080,520014,서울>강남지역>서남권,2023-08,91.5799164373991
서남권(동향조사),A_2024_00080,520014,서울>강남지역>서남권,2023-09,91.634976594287
서남권(동향조사),A_2024_00080,520014,서울>강남지역>서남권,2023-10,91.6922423860357
서남권(동향조사),A_2024_00080,520014,서울>강남지역>서남권,2023-11,91.6446336984419
서남권(동향조사),A_2024_00080,520014,서울>강남지역>서남권,2023-12,91.5721067702055
서남권(동향조사),A_2024_00080,520014,서울>강남지역>서남권,2024-01,91.5221658577199
서남권(동향조사),A_2024_00080,520014,서울>강남지역>서남권,2024-02,91.4583977593189
서남권(동향조사),A_2024_00080,520014,서울>강남지역>서남권,2024-03,91.4272562473392
서남권(동향조사),A_2024_00080,520014,서울>강남지역>서남권,2024-04,91.3980073616115
서남권(동향조사),A_2024_00080,520014,서울>강남지역>서남권,2024-05,91.3780192983324
서남권(동향조사),A_2024_00080,520014,서울>강남지역>서남권,2024-06,91.4723057721299
서남권(동향조사),A_2024_00080,520014,서울>강남지역>서남권,2024-07,91.5928026891246
서남권(동향조사),A_2024_00080,520014,서울>강남지역>서남권,2024-08,91.7955373945364
서남권(동향조사),A_2024_00080,520014,서울>강남지역>서남권,2024-09,91.9283890576146
서남권(동향조사),A_2024_00080,520014,서울>강남지역>서남권,2024-10,92.0271470398787
서남권(동향조사),A_2024_00080,520014,서울>강남지역>서남권,2024-11,92.0731358069503
서남권(동향조사),A_2024_00080,520014,서울>강남지역>서남권,2024-12,92.0801587568421
서남권(동향조사),A_2024_00080,520014,서울>강남지역>서남권,2025-01,92.086523956029
서남권(동향조사),A_2024_00080,520014,서울>강남지역>서남권,2025-02,92.1197578852508
서남권(동향조사),A_2024_00080,520014,서울>강남지역>서남권,2025-03,92.2000361930998
서남권(동향조사),A_2024_00080,520014,서울>강남지역>서남권,2025-04,92.3117194698599
서남권(동향조사),A_2024_00080,520014,서울>강남지역>서남권,2025-05,92.413327768898
서남권(동향조사),A_2024_00080,520014,서울>강남지역>서남권,2025-06,92.5711142944707
서남권(동향조사),A_2024_00080,520014,서울>강남지역>서남권,2025-07,92.7706266866771
서남권(동향조사),A_2024_00080,520014,서울>강남지역>서남권,2025-08,93.1458559640938
서남권(동향조사),A_2024_00080,520014,서울>강남지역>서남권,2025-09,93.6315578896967
서남권(동향조사),A_2024_00080,520014,서울>강남지역>서남권,2025-10,94.4946454159585
서남권(동향조사),A_2024_00080,520014,서울>강남지역>서남권,2025-11,95.3194734922529
서남권(동향조사),A_2024_00080,520014,서울>강남지역>서남권,2025-12,96.2233617283618
서남권(동향조사),A_2024_00080,520014,서울>강남지역>서남권,2026-01,97.0343593220689
서남권(동향조사),A_2024_00080,520014,서울>강남지역>서남권,2026-02,97.5709089738146
서남권(동향조사),A_2024_00080,520014,서울>강남지역>서남권,2026-03,98.062129263223
서남권(동향조사),A_2024_00080,520014,서울>강남지역>서남권,2026-04,98.620719357553
서남권(동향조사),A_2024_00080,520014,서울>강남지역>서남권,2026-05,99.2343031226326
서남권(동향조사),A_2024_00080,520014,서울>강남지역>서남권,2026-06,100.0
서남권(동향조사),A_2024_00080,520014,서울>강남지역>서남권,2026-07,100.814835239848
서남권(동향조사),A_2024_00080,520014,서울>강남지역>서남권,2026-08,101.562314542056
서울(동향조사),A_2024_00080,500008,서울,2003-11,58.1499259827383
서울(동향조사),A_2024_00080,500008,서울,2003-12,57.6982510754689
서울(동향조사),A_2024_00080,500008,서울,2004-01,57.4969222909043
서울(동향조사),A_2024_00080,500008,서울,2004-02,57.5197466039375
서울(동향조사),A_2024_00080,500008,서울,2004-03,57.6226790517921
서울(동향조사),A_2024_00080,500008,서울,2004-04,57.4739030268069
서울(동향조사),A_2024_00080,500008,서울,2004-05,57.356443820484
서울(동향조사),A_2024_00080,500008,서울,2004-06,56.9773187575277
서울(동향조사),A_2024_00080,500008,서울,2004-07,56.696554087282
서울(동향조사),A_2024_00080,500008,서울,2004-08,56.3746100645997
서울(동향조사),A_2024_00080,500008,서울,2004-09,55.9820588349252
서울(동향조사),A_2024_00080,500008,서울,2004-10,55.5596423193366
서울(동향조사),A_2024_00080,500008,서울,2004-11,55.2598457364765
서울(동향조사),A_2024_00080,500008,서울,2004-12,54.8924284345506
서울(동향조사),A_2024_00080,500008,서울,2005-01,54.5896158532649
서울(동향조사),A_2024_00080,500008,서울,2005-02,54.6385613332894
서울(동향조사),A_2024_00080,500008,서울,2005-03,54.6811634830322
서울(동향조사),A_2024_00080,500008,서울,2005-04,54.630094112282
서울(동향조사),A_2024_00080,500008,서울,2005-05,54.7171759047004
서울(동향조사),A_2024_00080,500008,서울,2005-06,54.751914753741
서울(동향조사),A_2024_00080,500008,서울,2005-07,55.0372266470035
서울(동향조사),A_2024_00080,500008,서울,2005-08,55.121466333452
서울(동향조사),A_2024_00080,500008,서울,2005-09,55.3623371530227
서울(동향조사),A_2024_00080,500008,서울,2005-10,55.4559304123161
서울(동향조사),A_2024_00080,500008,서울,2005-11,55.5162722732001
서울(동향조사),A_2024_00080,500008,서울,2005-12,55.6535242849386
서울(동향조사),A_2024_00080,500008,서울,2006-01,55.8187542389884
서울(동향조사),A_2024_00080,500008,서울,2006-02,56.0777351602365
서울(동향조사),A_2024_00080,500008,서울,2006-03,56.3401719754243
서울(동향조사),A_2024_00080,500008,서울,2006-04,56.666406359677
서울(동향조사),A_2024_00080,500008,서울,2006-05,57.1427594504043
서울(동향조사),A_2024_00080,500008,서울,2006-06,57.6545429167902
서울(동향조사),A_2024_00080,500008,서울,2006-07,57.870556164062
서울(동향조사),A_2024_00080,500008,서울,2006-08,58.0929147259492
서울(동향조사),A_2024_00080,500008,서울,2006-09,58.8948882718739
서울(동향조사),A_2024_00080,500008,서울,2006-10,60.1079394971613
서울(동향조사),A_2024_00080,500008,서울,2006-11,62.0978667585486
서울(동향조사),A_2024_00080,500008,서울,2006-12,63.3899975494675
서울(동향조사),A_2024_00080,500008,서울,2007-01,64.8022238575067
서울(동향조사),A_2024_00080,500008,서울,2007-02,65.6036943769953
서울(동향조사),A_2024_00080,500008,서울,2007-03,66.2306328105799
서울(동향조사),A_2024_00080,500008,서울,2007-04,66.9271902052156
서울(동향조사),A_2024_00080,500008,서울,2007-05,67.2916914896227
서울(동향조사),A_2024_00080,500008,서울,2007-06,67.775894680022
서울(동향조사),A_2024_00080,500008,서울,2007-07,68.6820325819578
서울(동향조사),A_2024_00080,500008,서울,2007-08,69.2920641290577
서울(동향조사),A_2024_00080,500008,서울,2007-09,70.436129148324
서울(동향조사),A_2024_00080,500008,서울,2007-10,71.399303831804
서울(동향조사),A_2024_00080,500008,서울,2007-11,72.0766042588097
서울(동향조사),A_2024_00080,500008,서울,2007-12,72.7187833775395
서울(동향조사),A_2024_00080,500008,서울,2008-01,73.8743912691743
서울(동향조사),A_2024_00080,500008,서울,2008-02,74.7539248543702
서울(동향조사),A_2024_00080,500008,서울,2008-03,76.9150928796691
서울(동향조사),A_2024_00080,500008,서울,2008-04,78.3039334769424
서울(동향조사),A_2024_00080,500008,서울,2008-05,79.7040447380136
서울(동향조사),A_2024_00080,500008,서울,2008-06,81.2618134409206
서울(동향조사),A_2024_00080,500008,서울,2008-07,82.2391853931045
서울(동향조사),A_2024_00080,500008,서울,2008-08,82.9201614518317
서울(동향조사),A_2024_00080,500008,서울,2008-09,83.5421243058318
서울(동향조사),A_2024_00080,500008,서울,2008-10,83.7870198478726
서울(동향조사),A_2024_00080,500008,서울,2008-11,83.3618775609859
서울(동향조사),A_2024_00080,500008,서울,2008-12,82.292339844527
서울(동향조사),A_2024_00080,500008,서울,2009-01,81.8195016980212
서울(동향조사),A_2024_00080,500008,서울,2009-02,81.7193477321275
서울(동향조사),A_2024_00080,500008,서울,2009-03,81.6200222140631
서울(동향조사),A_2024_00080,500008,서울,2009-04,81.5951295519164
서울(동향조사),A_2024_00080,500008,서울,2009-05,81.614176555758
서울(동향조사),A_2024_00080,500008,서울,2009-06,81.8081671933668
서울(동향조사),A_2024_00080,500008,서울,2009-07,82.3594548078396
서울(동향조사),A_2024_00080,500008,서울,2009-08,82.8145077537188
서울(동향조사),A_2024_00080,500008,서울,2009-09,83.778242990138
서울(동향조사),A_2024_00080,500008,서울,2009-10,84.3655946112634
서울(동향조사),A_2024_00080,500008,서울,2009-11,84.6451502076395
서울(동향조사),A_2024_00080,500008,서울,2009-12,84.7189303780733
서울(동향조사),A_2024_00080,500008,서울,2010-01,84.7974192737959
서울(동향조사),A_2024_00080,500008,서울,2010-02,85.0174427623146
서울(동향조사),A_2024_00080,500008,서울,2010-03,85.210537470472
서울(동향조사),A_2024_00080,500008,서울,2010-04,85.3027091260681
서울(동향조사),A_2024_00080,500008,서울,2010-05,85.2517699882913
서울(동향조사),A_2024_00080,500008,서울,2010-06,85.1428160356665
서울(동향조사),A_2024_00080,500008,서울,2010-07,84.9649741257996
서울(동향조사),A_2024_00080,500008,서울,2010-08,84.6682708441257
서울(동향조사),A_2024_00080,500008,서울,2010-09,84.6043861575144
서울(동향조사),A_2024_00080,500008,서울,2010-10,84.6090936940891
서울(동향조사),A_2024_00080,500008,서울,2010-11,84.5938237155029
서울(동향조사),A_2024_00080,500008,서울,2010-12,84.5950620752396
서울(동향조사),A_2024_00080,500008,서울,2011-01,84.728465887897
서울(동향조사),A_2024_00080,500008,서울,2011-02,84.8731891939986
서울(동향조사),A_2024_00080,500008,서울,2011-03,85.0775319136488
서울(동향조사),A_2024_00080,500008,서울,2011-04,85.2710342287841
서울(동향조사),A_2024_00080,500008,서울,2011-05,85.5170967457892
서울(동향조사),A_2024_00080,500008,서울,2011-06,85.5532799112104
서울(동향조사),A_2024_00080,500008,서울,2011-07,85.5582298839445
서울(동향조사),A_2024_00080,500008,서울,2011-08,86.0030815285072
서울(동향조사),A_2024_00080,500008,서울,2011-09,86.0306294329114
서울(동향조사),A_2024_00080,500008,서울,2011-10,86.1373091384766
서울(동향조사),A_2024_00080,500008,서울,2011-11,86.1285944234624
서울(동향조사),A_2024_00080,500008,서울,2011-12,86.0368842059207
서울(동향조사),A_2024_00080,500008,서울,2012-01,85.950420716793
서울(동향조사),A_2024_00080,500008,서울,2012-02,85.9533662907724
서울(동향조사),A_2024_00080,500008,서울,2012-03,85.7643619174028
서울(동향조사),A_2024_00080,500008,서울,2012-04,85.6100223877232
서울(동향조사),A_2024_00080,500008,서울,2012-05,85.459482302703
서울(동향조사),A_2024_00080,500008,서울,2012-06,85.407522271261
서울(동향조사),A_2024_00080,500008,서울,2012-07,85.2524569336818
서울(동향조사),A_2024_00080,500008,서울,2012-08,85.0952683416524
서울(동향조사),A_2024_00080,500008,서울,2012-09,84.8440118705456
서울(동향조사),A_2024_00080,500008,서울,2012-10,84.7213254256778
서울(동향조사),A_2024_00080,500008,서울,2012-11,84.5384019928062
서울(동향조사),A_2024_00080,500008,서울,2012-12,84.2821803073478
서울(동향조사),A_2024_00080,500008,서울,2013-01,83.8690242594565
서울(동향조사),A_2024_00080,500008,서울,2013-02,83.6831345405846
서울(동향조사),A_2024_00080,500008,서울,2013-03,83.5252900229694
서울(동향조사),A_2024_00080,500008,서울,2013-04,83.2875931130085
서울(동향조사),A_2024_00080,500008,서울,2013-05,83.2216656702718
서울(동향조사),A_2024_00080,500008,서울,2013-06,82.9736998233937
서울(동향조사),A_2024_00080,500008,서울,2013-07,82.7102332122849
서울(동향조사),A_2024_00080,500008,서울,2013-08,82.4485132165927
서울(동향조사),A_2024_00080,500008,서울,2013-09,82.3842524571314
서울(동향조사),A_2024_00080,500008,서울,2013-10,82.4806748912522
서울(동향조사),A_2024_00080,500008,서울,2013-11,82.4401125643659
서울(동향조사),A_2024_00080,500008,서울,2013-12,82.379288683034
서울(동향조사),A_2024_00080,500008,서울,2014-01,82.4035934130791
서울(동향조사),A_2024_00080,500008,서울,2014-02,82.4738452867768
서울(동향조사),A_2024_00080,500008,서울,2014-03,82.4635966845915
서울(동향조사),A_2024_00080,500008,서울,2014-04,82.3370422709921
서울(동향조사),A_2024_00080,500008,서울,2014-05,82.2626333778441
서울(동향조사),A_2024_00080,500008,서울,2014-06,82.1845933647423
서울(동향조사),A_2024_00080,500008,서울,2014-07,82.1197438564537
서울(동향조사),A_2024_00080,500008,서울,2014-08,82.0688308345255
서울(동향조사),A_2024_00080,500008,서울,2014-09,82.0830957735891
서울(동향조사),A_2024_00080,500008,서울,2014-10,82.0773396844703
서울(동향조사),A_2024_00080,500008,서울,2014-11,82.1346404136528
서울(동향조사),A_2024_00080,500008,서울,2014-12,82.1204486897049
서울(동향조사),A_2024_00080,500008,서울,2015-01,82.1465006649759
서울(동향조사),A_2024_00080,500008,서울,2015-02,82.192203952967
서울(동향조사),A_2024_00080,500008,서울,2015-03,82.3090543927265
서울(동향조사),A_2024_00080,500008,서울,2015-04,82.497396921794
서울(동향조사),A_2024_00080,500008,서울,2015-05,82.7012507996046
서울(동향조사),A_2024_00080,500008,서울,2015-06,82.9289692438417
서울(동향조사),A_2024_00080,500008,서울,2015-07,83.0981956317635
서울(동향조사),A_2024_00080,500008,서울,2015-08,83.2328912425024
서울(동향조사),A_2024_00080,500008,서울,2015-09,83.4004573400811
서울(동향조사),A_2024_00080,500008,서울,2015-10,83.5844803282413
서울(동향조사),A_2024_00080,500008,서울,2015-11,83.7935859468833
서울(동향조사),A_2024_00080,500008,서울,2015-12,83.913909666068
서울(동향조사),A_2024_00080,500008,서울,2016-01,83.9602379559218
서울(동향조사),A_2024_00080,500008,서울,2016-02,83.9587999263081
서울(동향조사),A_2024_00080,500008,서울,2016-03,83.9753146570589
서울(동향조사),A_2024_00080,500008,서울,2016-04,84.0232415938839
서울(동향조사),A_2024_00080,500008,서울,2016-05,84.0790192574657
서울(동향조사),A_2024_00080,500008,서울,2016-06,84.1403474965316
서울(동향조사),A_2024_00080,500008,서울,2016-07,84.2078039036959
서울(동향조사),A_2024_00080,500008,서울,2016-08,84.2929499147365
서울(동향조사),A_2024_00080,500008,서울,2016-09,84.3804304695756
서울(동향조사),A_2024_00080,500008,서울,2016-10,84.4846370253554
서울(동향조사),A_2024_00080,500008,서울,2016-11,84.5276536028166
서울(동향조사),A_2024_00080,500008,서울,2016-12,84.5642871379723
서울(동향조사),A_2024_00080,500008,서울,2017-01,84.579655082399
서울(동향조사),A_2024_00080,500008,서울,2017-02,84.6047528048737
서울(동향조사),A_2024_00080,500008,서울,2017-03,84.6800607756629
서울(동향조사),A_2024_00080,500008,서울,2017-04,84.821331733426
서울(동향조사),A_2024_00080,500008,서울,2017-05,85.0138916264132
서울(동향조사),A_2024_00080,500008,서울,2017-06,85.2553093718508
서울(동향조사),A_2024_00080,500008,서울,2017-07,85.48191792032
서울(동향조사),A_2024_00080,500008,서울,2017-08,85.6380902209072
서울(동향조사),A_2024_00080,500008,서울,2017-09,85.7162471702313
서울(동향조사),A_2024_00080,500008,서울,2017-10,85.860879386635
서울(동향조사),A_2024_00080,500008,서울,2017-11,86.0888647943657
서울(동향조사),A_2024_00080,500008,서울,2017-12,86.291654120118
서울(동향조사),A_2024_00080,500008,서울,2018-01,86.5192683652396
서울(동향조사),A_2024_00080,500008,서울,2018-02,86.8564890129741
서울(동향조사),A_2024_00080,500008,서울,2018-03,87.0684130011739
서울(동향조사),A_2024_00080,500008,서울,2018-04,87.2261749383978
서울(동향조사),A_2024_00080,500008,서울,2018-05,87.334285627436
서울(동향조사),A_2024_00080,500008,서울,2018-06,87.4907190427393
서울(동향조사),A_2024_00080,500008,서울,2018-07,87.694875523243
서울(동향조사),A_2024_00080,500008,서울,2018-08,87.9858792794039
서울(동향조사),A_2024_00080,500008,서울,2018-09,88.3337197023811
서울(동향조사),A_2024_00080,500008,서울,2018-10,88.5942312949461
서울(동향조사),A_2024_00080,500008,서울,2018-11,88.7476677004101
서울(동향조사),A_2024_00080,500008,서울,2018-12,88.8131489975458
서울(동향조사),A_2024_00080,500008,서울,2019-01,88.7436126957956
서울(동향조사),A_2024_00080,500008,서울,2019-02,88.6808920041197
서울(동향조사),A_2024_00080,500008,서울,2019-03,88.5938888803426
서울(동향조사),A_2024_00080,500008,서울,2019-04,88.5293853127217
서울(동향조사),A_2024_00080,500008,서울,2019-05,88.4408290757574
서울(동향조사),A_2024_00080,500008,서울,2019-06,88.35714227524
서울(동향조사),A_2024_00080,500008,서울,2019-07,88.3169820711852
서울(동향조사),A_2024_00080,500008,서울,2019-08,88.3282089380971
서울(동향조사),A_2024_00080,500008,서울,2019-09,88.359483850758
서울(동향조사),A_2024_00080,500008,서울,2019-10,88.4879097749002
서울(동향조사),A_2024_00080,500008,서울,2019-11,88.6645147704854
서울(동향조사),A_2024_00080,500008,서울,2019-12,88.9844772992725
서울(동향조사),A_2024_00080,500008,서울,2020-01,89.0999886112027
서울(동향조사),A_2024_00080,500008,서울,2020-02,89.2043909456886
서울(동향조사),A_2024_00080,500008,서울,2020-03,89.2960071224574
서울(동향조사),A_2024_00080,500008,서울,2020-04,89.3055055485528
서울(동향조사),A_2024_00080,500008,서울,2020-05,89.2870165384425
서울(동향조사),A_2024_00080,500008,서울,2020-06,89.3368507740666
서울(동향조사),A_2024_00080,500008,서울,2020-07,89.4674323584666
서울(동향조사),A_2024_00080,500008,서울,2020-08,89.6729430289193
서울(동향조사),A_2024_00080,500008,서울,2020-09,89.8400474670619
서울(동향조사),A_2024_00080,500008,서울,2020-10,89.9750430099596
서울(동향조사),A_2024_00080,500008,서울,2020-11,90.1333253663662
서울(동향조사),A_2024_00080,500008,서울,2020-12,90.3089343893983
서울(동향조사),A_2024_00080,500008,서울,2021-01,90.6783797958048
서울(동향조사),A_2024_00080,500008,서울,2021-02,90.9410555076895
서울(동향조사),A_2024_00080,500008,서울,2021-03,91.1352655697726
서울(동향조사),A_2024_00080,500008,서울,2021-04,91.319628018663
서울(동향조사),A_2024_00080,500008,서울,2021-05,91.5439825718427
서울(동향조사),A_2024_00080,500008,서울,2021-06,91.889344723523
서울(동향조사),A_2024_00080,500008,서울,2021-07,92.1651144246039
서울(동향조사),A_2024_00080,500008,서울,2021-08,92.4624106145674
서울(동향조사),A_2024_00080,500008,서울,2021-09,92.8531878712821
서울(동향조사),A_2024_00080,500008,서울,2021-10,93.359550866292
서울(동향조사),A_2024_00080,500008,서울,2021-11,93.8086456173683
서울(동향조사),A_2024_00080,500008,서울,2021-12,94.0417861742001
서울(동향조사),A_2024_00080,500008,서울,2022-01,94.0659029470239
서울(동향조사),A_2024_00080,500008,서울,2022-02,94.0000633829751
서울(동향조사),A_2024_00080,500008,서울,2022-03,93.9884327166433
서울(동향조사),A_2024_00080,500008,서울,2022-04,93.9942943175166
서울(동향조사),A_2024_00080,500008,서울,2022-05,94.0153275182693
서울(동향조사),A_2024_00080,500008,서울,2022-06,94.004259132128
서울(동향조사),A_2024_00080,500008,서울,2022-07,93.9951170642517
서울(동향조사),A_2024_00080,500008,서울,2022-08,93.9291712920031
서울(동향조사),A_2024_00080,500008,서울,2022-09,93.7931713243865
서울(동향조사),A_2024_00080,500008,서울,2022-10,93.5071182178697
서울(동향조사),A_2024_00080,500008,서울,2022-11,93.0437481495512
서울(동향조사),A_2024_00080,500008,서울,2022-12,92.2340949683963
서울(동향조사),A_2024_00080,500008,서울,2023-01,91.6974343720904
서울(동향조사),A_2024_00080,500008,서울,2023-02,91.2647813164368
서울(동향조사),A_2024_00080,500008,서울,2023-03,90.934843883983
서울(동향조사),A_2024_00080,500008,서울,2023-04,90.6453366031243
서울(동향조사),A_2024_00080,500008,서울,2023-05,90.3462658481076
서울(동향조사),A_2024_00080,500008,서울,2023-06,90.2190305107864
서울(동향조사),A_2024_00080,500008,서울,2023-07,90.170413519055
서울(동향조사),A_2024_00080,500008,서울,2023-08,90.1707757123382
서울(동향조사),A_2024_00080,500008,서울,2023-09,90.2222393011008
서울(동향조사),A_2024_00080,500008,서울,2023-10,90.2590522440929
서울(동향조사),A_2024_00080,500008,서울,2023-11,90.2233387179676
서울(동향조사),A_2024_00080,500008,서울,2023-12,90.1848765562712
서울(동향조사),A_2024_00080,500008,서울,2024-01,90.1271400750467
서울(동향조사),A_2024_00080,500008,서울,2024-02,90.0915098325595
서울(동향조사),A_2024_00080,500008,서울,2024-03,90.0780072111781
서울(동향조사),A_2024_00080,500008,서울,2024-04,90.0781452880215
서울(동향조사),A_2024_00080,500008,서울,2024-05,90.1052825606723
서울(동향조사),A_2024_00080,500008,서울,2024-06,90.2126945490592
서울(동향조사),A_2024_00080,500008,서울,2024-07,90.3627058321411
서울(동향조사),A_2024_00080,500008,서울,2024-08,90.5673264831853
서울(동향조사),A_2024_00080,500008,서울,2024-09,90.7474017640843
서울(동향조사),A_2024_00080,500008,서울,2024-10,90.9136145181742
서울(동향조사),A_2024_00080,500008,서울,2024-11,91.0396977709316
서울(동향조사),A_2024_00080,500008,서울,2024-12,91.1143725313241
서울(동향조사),A_2024_00080,500008,서울,2025-01,91.1594229398416
서울(동향조사),A_2024_00080,500008,서울,2025-02,91.2504875532056
서울(동향조사),A_2024_00080,500008,서울,2025-03,91.3818658236736
서울(동향조사),A_2024_00080,500008,서울,2025-04,91.4971768032007
서울(동향조사),A_2024_00080,500008,서울,2025-05,91.6503000222719
서울(동향조사),A_2024_00080,500008,서울,2025-06,91.9270902248555
서울(동향조사),A_2024_00080,500008,서울,2025-07,92.2017429751152
서울(동향조사),A_2024_00080,500008,서울,2025-08,92.6431933458107
서울(동향조사),A_2024_00080,500008,서울,2025-09,93.287952806036
서울(동향조사),A_2024_00080,500008,서울,2025-10,94.2370351283414
서울(동향조사),A_2024_00080,500008,서울,2025-11,95.0699342464969
서울(동향조사),A_2024_00080,500008,서울,2025-12,95.9109814468559
서울(동향조사),A_2024_00080,500008,서울,2026-01,96.6736383645759
서울(동향조사),A_2024_00080,500008,서울,2026-02,97.2878379456648
서울(동향조사),A_2024_00080,500008,서울,2026-03,97.7988957148845
서울(동향조사),A_2024_00080,500008,서울,2026-04,98.4020258402242
서울(동향조사),A_2024_00080,500008,서울,2026-05,99.1473264660284
서울(동향조사),A_2024_00080,500008,서울,2026-06,100.0
서울(동향조사),A_2024_00080,500008,서울,2026-07,100.9619221555
서울(동향조사),A_2024_00080,500008,서울,2026-08,101.901079052352
서울(실거래),A_2024_00185,500007,서울,2006-01,30.1505247001778
서울(실거래),A_2024_00185,500007,서울,2006-02,30.0080766571184
서울(실거래),A_2024_00185,500007,서울,2006-03,31.0452571206609
서울(실거래),A_2024_00185,500007,서울,2006-04,31.8079890828665
서울(실거래),A_2024_00185,500007,서울,2006-05,32.1835046537453
서울(실거래),A_2024_00185,500007,서울,2006-06,32.2412828525649
서울(실거래),A_2024_00185,500007,서울,2006-07,33.1057963311455
서울(실거래),A_2024_00185,500007,서울,2006-08,34.4551169663964
서울(실거래),A_2024_00185,500007,서울,2006-09,35.7297919426014
서울(실거래),A_2024_00185,500007,서울,2006-10,37.4924404765251
서울(실거래),A_2024_00185,500007,서울,2006-11,38.8280771361608
서울(실거래),A_2024_00185,500007,서울,2006-12,39.5844424912597
서울(실거래),A_2024_00185,500007,서울,2007-01,40.6554265150892
서울(실거래),A_2024_00185,500007,서울,2007-02,40.6269652188761
서울(실거래),A_2024_00185,500007,서울,2007-03,41.511821518074
서울(실거래),A_2024_00185,500007,서울,2007-04,42.6699307067053
서울(실거래),A_2024_00185,500007,서울,2007-05,42.9826479375787
서울(실거래),A_2024_00185,500007,서울,2007-06,44.3485239031974
서울(실거래),A_2024_00185,500007,서울,2007-07,45.5442548432599
서울(실거래),A_2024_00185,500007,서울,2007-08,46.0589884960044
서울(실거래),A_2024_00185,500007,서울,2007-09,46.8455435529585
서울(실거래),A_2024_00185,500007,서울,2007-10,48.5676626028088
서울(실거래),A_2024_00185,500007,서울,2007-11,49.0722985980793
서울(실거래),A_2024_00185,500007,서울,2007-12,50.070931838491
서울(실거래),A_2024_00185,500007,서울,2008-01,51.4818685925227
서울(실거래),A_2024_00185,500007,서울,2008-02,52.4931541129853
서울(실거래),A_2024_00185,500007,서울,2008-03,54.973549706166
서울(실거래),A_2024_00185,500007,서울,2008-04,57.0524093072171
서울(실거래),A_2024_00185,500007,서울,2008-05,58.6777982824643
서울(실거래),A_2024_00185,500007,서울,2008-06,59.1901650511091
서울(실거래),A_2024_00185,500007,서울,2008-07,58.3993267920775
서울(실거래),A_2024_00185,500007,서울,2008-08,57.5285804526871
서울(실거래),A_2024_00185,500007,서울,2008-09,57.314726893976
서울(실거래),A_2024_00185,500007,서울,2008-10,55.4596498283565
서울(실거래),A_2024_00185,500007,서울,2008-11,52.7906009212924
서울(실거래),A_2024_00185,500007,서울,2008-12,50.9687821853168
서울(실거래),A_2024_00185,500007,서울,2009-01,50.9659189901193
서울(실거래),A_2024_00185,500007,서울,2009-02,51.7301192031483
서울(실거래),A_2024_00185,500007,서울,2009-03,52.1292741534135
서울(실거래),A_2024_00185,500007,서울,2009-04,53.2072527363498
서울(실거래),A_2024_00185,500007,서울,2009-05,54.4235855643805
서울(실거래),A_2024_00185,500007,서울,2009-06,54.8561742698402
서울(실거래),A_2024_00185,500007,서울,2009-07,56.0217510574643
서울(실거래),A_2024_00185,500007,서울,2009-08,57.1914597955705
서울(실거래),A_2024_00185,500007,서울,2009-09,58.1426226506079
서울(실거래),A_2024_00185,500007,서울,2009-10,57.6808640373822
서울(실거래),A_2024_00185,500007,서울,2009-11,57.0886932208391
서울(실거래),A_2024_00185,500007,서울,2009-12,57.1503805470372
서울(실거래),A_2024_00185,500007,서울,2010-01,58.0387305823605
서울(실거래),A_2024_00185,500007,서울,2010-02,57.9454343963859
서울(실거래),A_2024_00185,500007,서울,2010-03,57.620705424379
서울(실거래),A_2024_00185,500007,서울,2010-04,57.4096423216532
서울(실거래),A_2024_00185,500007,서울,2010-05,57.0826685088892
서울(실거래),A_2024_00185,500007,서울,2010-06,55.9408504995732
서울(실거래),A_2024_00185,500007,서울,2010-07,55.544940023783
서울(실거래),A_2024_00185,500007,서울,2010-08,55.3354320873047
서울(실거래),A_2024_00185,500007,서울,2010-09,55.0926050122414
서울(실거래),A_2024_00185,500007,서울,2010-10,54.8224178383128
서울(실거래),A_2024_00185,500007,서울,2010-11,55.2310737537218
서울(실거래),A_2024_00185,500007,서울,2010-12,55.3877802748021
서울(실거래),A_2024_00185,500007,서울,2011-01,55.5140851977581
서울(실거래),A_2024_00185,500007,서울,2011-02,56.0038927008202
서울(실거래),A_2024_00185,500007,서울,2011-03,56.1318184691078
서울(실거래),A_2024_00185,500007,서울,2011-04,55.8343374579583
서울(실거래),A_2024_00185,500007,서울,2011-05,55.98526547942
서울(실거래),A_2024_00185,500007,서울,2011-06,55.6758393355009
서울(실거래),A_2024_00185,500007,서울,2011-07,55.3545857450489
서울(실거래),A_2024_00185,500007,서울,2011-08,55.006416710093
서울(실거래),A_2024_00185,500007,서울,2011-09,55.5675559909495
서울(실거래),A_2024_00185,500007,서울,2011-10,55.2640772254164
서울(실거래),A_2024_00185,500007,서울,2011-11,54.7649716305918
서울(실거래),A_2024_00185,500007,서울,2011-12,54.2482818897214
서울(실거래),A_2024_00185,500007,서울,2012-01,54.6864150783355
서울(실거래),A_2024_00185,500007,서울,2012-02,54.4501656558656
서울(실거래),A_2024_00185,500007,서울,2012-03,54.2955642532341
서울(실거래),A_2024_00185,500007,서울,2012-04,53.5273618223302
서울(실거래),A_2024_00185,500007,서울,2012-05,52.832654436801
서울(실거래),A_2024_00185,500007,서울,2012-06,53.2342362284275
서울(실거래),A_2024_00185,500007,서울,2012-07,52.0290028823312
서울(실거래),A_2024_00185,500007,서울,2012-08,51.962980959083
서울(실거래),A_2024_00185,500007,서울,2012-09,52.3664174430495
서울(실거래),A_2024_00185,500007,서울,2012-10,51.4818778447304
서울(실거래),A_2024_00185,500007,서울,2012-11,51.5465719009146
서울(실거래),A_2024_00185,500007,서울,2012-12,50.9812072716408
서울(실거래),A_2024_00185,500007,서울,2013-01,51.1753256132826
서울(실거래),A_2024_00185,500007,서울,2013-02,51.2702748926454
서울(실거래),A_2024_00185,500007,서울,2013-03,51.5963752092313
서울(실거래),A_2024_00185,500007,서울,2013-04,51.7574573202345
서울(실거래),A_2024_00185,500007,서울,2013-05,51.1035744524079
서울(실거래),A_2024_00185,500007,서울,2013-06,50.826749694045
서울(실거래),A_2024_00185,500007,서울,2013-07,51.6671794553964
서울(실거래),A_2024_00185,500007,서울,2013-08,51.4121949350313
서울(실거래),A_2024_00185,500007,서울,2013-09,51.8250606226078
서울(실거래),A_2024_00185,500007,서울,2013-10,51.6017455327865
서울(실거래),A_2024_00185,500007,서울,2013-11,51.5006034581488
서울(실거래),A_2024_00185,500007,서울,2013-12,50.4351672190181
서울(실거래),A_2024_00185,500007,서울,2014-01,51.0687337369655
서울(실거래),A_2024_00185,500007,서울,2014-02,51.5308346134977
서울(실거래),A_2024_00185,500007,서울,2014-03,51.7760905740154
서울(실거래),A_2024_00185,500007,서울,2014-04,51.8906952479978
서울(실거래),A_2024_00185,500007,서울,2014-05,51.3831881154098
서울(실거래),A_2024_00185,500007,서울,2014-06,51.3683903763124
서울(실거래),A_2024_00185,500007,서울,2014-07,51.3951364796686
서울(실거래),A_2024_00185,500007,서울,2014-08,51.7753508114815
서울(실거래),A_2024_00185,500007,서울,2014-09,51.9507510295994
서울(실거래),A_2024_00185,500007,서울,2014-10,51.9775278838699
서울(실거래),A_2024_00185,500007,서울,2014-11,51.6036317542491
서울(실거래),A_2024_00185,500007,서울,2014-12,51.5615253100594
서울(실거래),A_2024_00185,500007,서울,2015-01,51.9781009499587
서울(실거래),A_2024_00185,500007,서울,2015-02,52.648601071247
서울(실거래),A_2024_00185,500007,서울,2015-03,52.9616617441
서울(실거래),A_2024_00185,500007,서울,2015-04,53.3053184417654
서울(실거래),A_2024_00185,500007,서울,2015-05,53.4071289061165
서울(실거래),A_2024_00185,500007,서울,2015-06,53.6848020411771
서울(실거래),A_2024_00185,500007,서울,2015-07,54.0185244759513
서울(실거래),A_2024_00185,500007,서울,2015-08,54.7621151189639
서울(실거래),A_2024_00185,500007,서울,2015-09,54.7317250715874
서울(실거래),A_2024_00185,500007,서울,2015-10,55.1958201024074
서울(실거래),A_2024_00185,500007,서울,2015-11,54.7319302294619
서울(실거래),A_2024_00185,500007,서울,2015-12,54.2189934492673
서울(실거래),A_2024_00185,500007,서울,2016-01,55.0117512052505
서울(실거래),A_2024_00185,500007,서울,2016-02,55.4588846602035
서울(실거래),A_2024_00185,500007,서울,2016-03,55.6661283876096
서울(실거래),A_2024_00185,500007,서울,2016-04,55.7617847693846
서울(실거래),A_2024_00185,500007,서울,2016-05,55.8568737251055
서울(실거래),A_2024_00185,500007,서울,2016-06,55.9947637982231
서울(실거래),A_2024_00185,500007,서울,2016-07,56.3663120237214
서울(실거래),A_2024_00185,500007,서울,2016-08,57.0420026540109
서울(실거래),A_2024_00185,500007,서울,2016-09,57.3362141239798
서울(실거래),A_2024_00185,500007,서울,2016-10,57.6670619221432
서울(실거래),A_2024_00185,500007,서울,2016-11,57.6405889145664
서울(실거래),A_2024_00185,500007,서울,2016-12,57.5680027772288
서울(실거래),A_2024_00185,500007,서울,2017-01,57.6793266751376
서울(실거래),A_2024_00185,500007,서울,2017-02,57.9873923458826
서울(실거래),A_2024_00185,500007,서울,2017-03,58.2210761415471
서울(실거래),A_2024_00185,500007,서울,2017-04,58.465721205471
서울(실거래),A_2024_00185,500007,서울,2017-05,58.8632053596247
서울(실거래),A_2024_00185,500007,서울,2017-06,59.6476156147942
서울(실거래),A_2024_00185,500007,서울,2017-07,60.1965318583359
서울(실거래),A_2024_00185,500007,서울,2017-08,59.769989778314
서울(실거래),A_2024_00185,500007,서울,2017-09,59.8994326203633
서울(실거래),A_2024_00185,500007,서울,2017-10,60.1372060535648
서울(실거래),A_2024_00185,500007,서울,2017-11,60.2861742048364
서울(실거래),A_2024_00185,500007,서울,2017-12,59.8291364619246
서울(실거래),A_2024_00185,500007,서울,2018-01,60.2461383329766
서울(실거래),A_2024_00185,500007,서울,2018-02,60.8931717641084
서울(실거래),A_2024_00185,500007,서울,2018-03,61.1984171336748
서울(실거래),A_2024_00185,500007,서울,2018-04,61.3181921211749
서울(실거래),A_2024_00185,500007,서울,2018-05,61.5808835550657
서울(실거래),A_2024_00185,500007,서울,2018-06,61.9700267577837
서울(실거래),A_2024_00185,500007,서울,2018-07,62.5473467734974
서울(실거래),A_2024_00185,500007,서울,2018-08,63.2554271320639
서울(실거래),A_2024_00185,500007,서울,2018-09,64.0483264774099
서울(실거래),A_2024_00185,500007,서울,2018-10,63.7941651825602
서울(실거래),A_2024_00185,500007,서울,2018-11,63.2268598337706
서울(실거래),A_2024_00185,500007,서울,2018-12,62.9975659079015
서울(실거래),A_2024_00185,500007,서울,2019-01,63.0637795405732
서울(실거래),A_2024_00185,500007,서울,2019-02,63.6234262096095
서울(실거래),A_2024_00185,500007,서울,2019-03,63.4436465968677
서울(실거래),A_2024_00185,500007,서울,2019-04,63.8627912852983
서울(실거래),A_2024_00185,500007,서울,2019-05,63.6791272376496
서울(실거래),A_2024_00185,500007,서울,2019-06,64.7279763249982
서울(실거래),A_2024_00185,500007,서울,2019-07,64.8771314211259
서울(실거래),A_2024_00185,500007,서울,2019-08,64.9744455666973
서울(실거래),A_2024_00185,500007,서울,2019-09,65.029651186419
서울(실거래),A_2024_00185,500007,서울,2019-10,65.9103268088076
서울(실거래),A_2024_00185,500007,서울,2019-11,67.2915583651146
서울(실거래),A_2024_00185,500007,서울,2019-12,66.5579133821854
서울(실거래),A_2024_00185,500007,서울,2020-01,66.1814168326183
서울(실거래),A_2024_00185,500007,서울,2020-02,67.335391501378
서울(실거래),A_2024_00185,500007,서울,2020-03,66.8440703293294
서울(실거래),A_2024_00185,500007,서울,2020-04,66.5185539808757
서울(실거래),A_2024_00185,500007,서울,2020-05,67.45923699084
서울(실거래),A_2024_00185,500007,서울,2020-06,69.2852069885671
서울(실거래),A_2024_00185,500007,서울,2020-07,70.2143221254064
서울(실거래),A_2024_00185,500007,서울,2020-08,70.3898605469448
서울(실거래),A_2024_00185,500007,서울,2020-09,71.622043848283
서울(실거래),A_2024_00185,500007,서울,2020-10,71.5444339623791
서울(실거래),A_2024_00185,500007,서울,2020-11,72.939724776335
서울(실거래),A_2024_00185,500007,서울,2020-12,73.3764001128188
서울(실거래),A_2024_00185,500007,서울,2021-01,74.4691345729414
서울(실거래),A_2024_00185,500007,서울,2021-02,74.6038005761072
서울(실거래),A_2024_00185,500007,서울,2021-03,75.1654088444263
서울(실거래),A_2024_00185,500007,서울,2021-04,76.0658665856571
서울(실거래),A_2024_00185,500007,서울,2021-05,77.5723475255699
서울(실거래),A_2024_00185,500007,서울,2021-06,78.8045378900341
서울(실거래),A_2024_00185,500007,서울,2021-07,79.7618339773249
서울(실거래),A_2024_00185,500007,서울,2021-08,80.7027766716238
서울(실거래),A_2024_00185,500007,서울,2021-09,81.9773318788672
서울(실거래),A_2024_00185,500007,서울,2021-10,83.0137457602456
서울(실거래),A_2024_00185,500007,서울,2021-11,83.1242963137779
서울(실거래),A_2024_00185,500007,서울,2021-12,82.6833458314721
서울(실거래),A_2024_00185,500007,서울,2022-01,83.8755138422525
서울(실거래),A_2024_00185,500007,서울,2022-02,83.6874120966177
서울(실거래),A_2024_00185,500007,서울,2022-03,85.0770851916296
서울(실거래),A_2024_00185,500007,서울,2022-04,86.2751163600998
서울(실거래),A_2024_00185,500007,서울,2022-05,86.283335279276
서울(실거래),A_2024_00185,500007,서울,2022-06,88.1097329665113
서울(실거래),A_2024_00185,500007,서울,2022-07,88.4190965746402
서울(실거래),A_2024_00185,500007,서울,2022-08,87.256589505491
서울(실거래),A_2024_00185,500007,서울,2022-09,85.0298287902974
서울(실거래),A_2024_00185,500007,서울,2022-10,84.6135460349072
서울(실거래),A_2024_00185,500007,서울,2022-11,82.4998280597515
서울(실거래),A_2024_00185,500007,서울,2022-12,80.7033348013674
서울(실거래),A_2024_00185,500007,서울,2023-01,80.6165982777844
서울(실거래),A_2024_00185,500007,서울,2023-02,81.7184065599123
서울(실거래),A_2024_00185,500007,서울,2023-03,80.6547461489505
서울(실거래),A_2024_00185,500007,서울,2023-04,81.6789274601985
서울(실거래),A_2024_00185,500007,서울,2023-05,81.5775039026447
서울(실거래),A_2024_00185,500007,서울,2023-06,81.9641166553623
서울(실거래),A_2024_00185,500007,서울,2023-07,81.4049576374193
서울(실거래),A_2024_00185,500007,서울,2023-08,82.3560368651572
서울(실거래),A_2024_00185,500007,서울,2023-09,82.3337325329896
서울(실거래),A_2024_00185,500007,서울,2023-10,82.1731013227381
서울(실거래),A_2024_00185,500007,서울,2023-11,81.2934336266183
서울(실거래),A_2024_00185,500007,서울,2023-12,81.660350160507
서울(실거래),A_2024_00185,500007,서울,2024-01,82.0790936300182
서울(실거래),A_2024_00185,500007,서울,2024-02,81.9145635710886
서울(실거래),A_2024_00185,500007,서울,2024-03,82.4936340091889
서울(실거래),A_2024_00185,500007,서울,2024-04,82.3483419659351
서울(실거래),A_2024_00185,500007,서울,2024-05,82.6838650200197
서울(실거래),A_2024_00185,500007,서울,2024-06,83.7207389180553
서울(실거래),A_2024_00185,500007,서울,2024-07,84.9370954846269
서울(실거래),A_2024_00185,500007,서울,2024-08,85.633686705811
서울(실거래),A_2024_00185,500007,서울,2024-09,85.529488479889
서울(실거래),A_2024_00185,500007,서울,2024-10,85.0498854821243
서울(실거래),A_2024_00185,500007,서울,2024-11,85.7231111225835
서울(실거래),A_2024_00185,500007,서울,2024-12,84.8769922498322
서울(실거래),A_2024_00185,500007,서울,2025-01,85.9021192425054
서울(실거래),A_2024_00185,500007,서울,2025-02,86.1659563829082
서울(실거래),A_2024_00185,500007,서울,2025-03,87.1946105572806
서울(실거래),A_2024_00185,500007,서울,2025-04,87.1433747307457
서울(실거래),A_2024_00185,500007,서울,2025-05,88.2142366593879
서울(실거래),A_2024_00185,500007,서울,2025-06,90.4746683446356
서울(실거래),A_2024_00185,500007,서울,2025-07,90.9313973376047
서울(실거래),A_2024_00185,500007,서울,2025-08,91.5924358868749
서울(실거래),A_2024_00185,500007,서울,2025-09,92.1718840021576
서울(실거래),A_2024_00185,500007,서울,2025-10,92.8050448904537
서울(실거래),A_2024_00185,500007,서울,2025-11,93.7030569326883
서울(실거래),A_2024_00185,500007,서울,2025-12,93.8697088423745
서울(실거래),A_2024_00185,500007,서울,2026-01,96.8813036487226
서울(실거래),A_2024_00185,500007,서울,2026-02,95.7975399920733
서울(실거래),A_2024_00185,500007,서울,2026-03,94.2316906302418
서울(실거래),A_2024_00185,500007,서울,2026-04,93.7195175969079
서울(실거래),A_2024_00185,500007,서울,2026-05,96.9340533411023
서울(실거래),A_2024_00185,500007,서울,2026-06,100.0
서울(실거래),A_2024_00185,500007,서울,2026-07,100.79405952844
