place_id,place_name,category_name,address_name,lon,lat
1036562389,신천역 서해선,"교통,수송 > 지하철,전철 > 서해선",경기 시흥시 신천동 768-4,126.78678508124932,37.43924604520613
1636097863,시흥대야역 서해선,"교통,수송 > 지하철,전철 > 서해선",경기 시흥시 대야동 289-21,126.792993796201,37.4500998726813
1594464687,소새울역 서해선,"교통,수송 > 지하철,전철 > 서해선",경기 부천시 소사구 소사본동 420-1,126.79728159163491,37.46851045193921
21160605,독산역 1호선,"교통,수송 > 지하철,전철 > 수도권1호선",서울 금천구 가산동 717,126.88947790336374,37.46597376787178
21160797,석수역 1호선,"교통,수송 > 지하철,전철 > 수도권1호선",경기 안양시 만안구 석수동 737,126.90232078368835,37.43509293822681
21160614,금천구청역 1호선,"교통,수송 > 지하철,전철 > 수도권1호선",서울 금천구 시흥동 113-55,126.893608614581,37.4561943743749
606474580,서울대벤처타운역 신림선,"교통,수송 > 지하철,전철 > 신림선",서울 관악구 신림동 110-99,126.933959958388,37.4720023242775
606399200,관악산역 신림선,"교통,수송 > 지하철,전철 > 신림선",서울 관악구 신림동 211,126.94509952208,37.4690860478461
21160521,부천역 1호선,"교통,수송 > 지하철,전철 > 수도권1호선",경기 부천시 소사구 심곡본동 316-2,126.78308287157131,37.483989787369545
21160706,광명사거리역 7호선,"교통,수송 > 지하철,전철 > 수도권7호선",경기 광명시 광명동 158-211,126.854873735158,37.4792983082726
21160568,소사역 1호선,"교통,수송 > 지하철,전철 > 수도권1호선",경기 부천시 소사구 소사본동 395,126.79564653125107,37.48280123201647
17494023,역곡역 1호선,"교통,수송 > 지하철,전철 > 수도권1호선",경기 부천시 원미구 역곡동 382,126.81205931841492,37.48531525961914
18433418,신중동역 7호선,"교통,수송 > 지하철,전철 > 수도권7호선",경기 부천시 원미구 중동 1140-6,126.77689833819102,37.50295164139924
21160569,오류동역 1호선,"교통,수송 > 지하철,전철 > 수도권1호선",서울 구로구 오류동 66-10,126.84480744815397,37.49439720933549
21160520,중동역 1호선,"교통,수송 > 지하철,전철 > 수도권1호선",경기 부천시 소사구 송내동 632,126.76453398304898,37.486681622773176
21160770,천왕역 7호선,"교통,수송 > 지하철,전철 > 수도권7호선",서울 구로구 천왕동 14-25,126.83860534807998,37.48685558277736
21161038,온수역 7호선,"교통,수송 > 지하철,전철 > 수도권7호선",서울 구로구 온수동 119,126.823847928009,37.4919675365056
18432273,부천시청역 7호선,"교통,수송 > 지하철,전철 > 수도권7호선",경기 부천시 원미구 중동 1243,126.76401384887843,37.50465563053715
12818605,춘의역 7호선,"교통,수송 > 지하철,전철 > 수도권7호선",경기 부천시 원미구 춘의동 140-8,126.78699775795889,37.50369919594287
12344081,까치울역 7호선,"교통,수송 > 지하철,전철 > 수도권7호선",경기 부천시 원미구 춘의동 3-1,126.81133962285816,37.506227351130065
12344083,부천종합운동장역 7호선,"교통,수송 > 지하철,전철 > 수도권7호선",경기 부천시 원미구 춘의동 15-1,126.7972349705182,37.50542641602307
21160464,온수역 1호선,"교통,수송 > 지하철,전철 > 수도권1호선",서울 구로구 온수동 51-7,126.823828819915,37.4923999909922
1465106605,소사역 서해선,"교통,수송 > 지하철,전철 > 서해선",경기 부천시 원미구 소사동 43-51,126.79506057713336,37.482905634947286
1273588403,부천종합운동장역 서해선,"교통,수송 > 지하철,전철 > 서해선",경기 부천시 오정구 여월동 산 37-17,126.79760170408,37.5061541549989
21160579,구로디지털단지역 2호선,"교통,수송 > 지하철,전철 > 수도권2호선",서울 구로구 구로동 810-3,126.901473080039,37.4852605752505
21160532,대림역 2호선,"교통,수송 > 지하철,전철 > 수도권2호선",서울 구로구 구로동 1204,126.894931036051,37.4933099444417
21160540,신림역 2호선,"교통,수송 > 지하철,전철 > 수도권2호선",서울 관악구 신림동 1467-10,126.9297453749671,37.484267135140364
21160721,가산디지털단지역 7호선,"교통,수송 > 지하철,전철 > 수도권7호선",서울 금천구 가산동 468-4,126.882661758356,37.4803959660982
21160787,신도림역 1호선,"교통,수송 > 지하철,전철 > 수도권1호선",서울 구로구 신도림동 460-26,126.891312500851,37.508908482648
11293715,노량진역 9호선,"교통,수송 > 지하철,전철 > 수도권9호선",서울 동작구 노량진동 60-11,126.940893179777,37.5135856714992
21160467,철산역 7호선,"교통,수송 > 지하철,전철 > 수도권7호선",경기 광명시 철산동 526,126.868211027014,37.4761928424537
21160587,신대방역 2호선,"교통,수송 > 지하철,전철 > 수도권2호선",서울 동작구 신대방동 643-1,126.91350747615147,37.48765046104574
21160519,구로역 1호선,"교통,수송 > 지하철,전철 > 수도권1호선",서울 구로구 구로동 585-3,126.88230806229326,37.50334155631282
21160790,개봉역 1호선,"교통,수송 > 지하철,전철 > 수도권1호선",서울 구로구 개봉동 415,126.858715959622,37.4946417150651
21160810,봉천역 2호선,"교통,수송 > 지하철,전철 > 수도권2호선",서울 관악구 봉천동 979-7,126.941686527151,37.4824725161034
21160610,대방역 1호선,"교통,수송 > 지하철,전철 > 수도권1호선",서울 영등포구 신길동 1368-3,126.92649449142719,37.51335413975466
21160726,상도역 7호선,"교통,수송 > 지하철,전철 > 수도권7호선",서울 동작구 상도1동 702-1,126.947917975554,37.5028706251049
21161040,신대방삼거리역 7호선,"교통,수송 > 지하철,전철 > 수도권7호선",서울 동작구 대방동 406-10,126.92821094566965,37.499757228908564
21160771,장승배기역 7호선,"교통,수송 > 지하철,전철 > 수도권7호선",서울 동작구 상도동 26-20,126.939072381356,37.5048990621814
21160708,신풍역 7호선,"교통,수송 > 지하철,전철 > 수도권7호선",서울 영등포구 신길동 3599,126.90975434386,37.5001229935524
21161037,남구로역 7호선,"교통,수송 > 지하철,전철 > 수도권7호선",서울 구로구 구로동 801-95,126.88741505160269,37.48625714438263
21160724,보라매역 7호선,"교통,수송 > 지하철,전철 > 수도권7호선",서울 동작구 대방동 466-51,126.92061230710924,37.49992085496506
21160525,노량진역 1호선,"교통,수송 > 지하철,전철 > 수도권1호선",서울 동작구 노량진동 67-2,126.942109882124,37.5140547961008
21160566,구일역 1호선,"교통,수송 > 지하철,전철 > 수도권1호선",서울 구로구 구로동 636-45,126.86969110539,37.496254517687
1342197504,가산디지털단지역 1호선,"교통,수송 > 지하철,전철 > 수도권1호선",서울 금천구 가산동 468-4,126.882614758479,37.4815311901749
21160618,신도림역 2호선,"교통,수송 > 지하철,전철 > 수도권2호선",서울 구로구 신도림동 460-26,126.89161095407636,37.508222191535346
606693160,당곡역 신림선,"교통,수송 > 지하철,전철 > 신림선",서울 관악구 봉천동 985,126.927560844494,37.490223280126
21160769,대림역 7호선,"교통,수송 > 지하철,전철 > 수도권7호선",서울 영등포구 대림동 1050-17,126.896722858042,37.4928430008915
21160802,양천구청역 2호선,"교통,수송 > 지하철,전철 > 수도권2호선",서울 양천구 신정동 276-7,126.865722369229,37.5123888716808
606398501,서원역 신림선,"교통,수송 > 지하철,전철 > 신림선",서울 관악구 신림동 808-407,126.93310993651,37.4782386357719
21160621,도림천역 2호선,"교통,수송 > 지하철,전철 > 수도권2호선",서울 구로구 신도림동 323-16,126.882649092584,37.5145080414761
606844526,서울지방병무청역 신림선,"교통,수송 > 지하철,전철 > 신림선",서울 동작구 대방동 466-41,126.922713971785,37.5060553927614
606385845,보라매병원역 신림선,"교통,수송 > 지하철,전철 > 신림선",서울 동작구 신대방동 395-61,126.923549547206,37.4929643194464
606777939,보라매공원역 신림선,"교통,수송 > 지하철,전철 > 신림선",서울 동작구 신대방동 722,126.918140532784,37.4954456720422
606518532,신림역 신림선,"교통,수송 > 지하철,전철 > 신림선",서울 관악구 신림동 1467-10,126.929629471493,37.4848815538296
606899227,대방역 신림선,"교통,수송 > 지하철,전철 > 신림선",서울 영등포구 신길동 1368-3,126.925415962213,37.5128137623052
606796346,보라매역 신림선,"교통,수송 > 지하철,전철 > 신림선",서울 동작구 대방동 466-51,126.920436608423,37.5003072682843
18382446,양재시민의숲역 신분당선,"교통,수송 > 지하철,전철 > 신분당선",서울 서초구 양재동 233-2,127.038471341381,37.4701332061395
21160649,과천역 4호선,"교통,수송 > 지하철,전철 > 수도권4호선",경기 과천시 별양동 2,126.99661712263098,37.43287530237988
21160558,남태령역 4호선,"교통,수송 > 지하철,전철 > 수도권4호선",서울 서초구 방배동 2909,126.989085267707,37.4642499558525
21160645,선바위역 4호선,"교통,수송 > 지하철,전철 > 수도권4호선",경기 과천시 과천동 355,127.00222869400723,37.451747988798516
21160559,대공원역 4호선,"교통,수송 > 지하철,전철 > 수도권4호선",경기 과천시 과천동 727-1,127.006752481821,37.4360557449009
21160830,경마공원역 4호선,"교통,수송 > 지하철,전철 > 수도권4호선",경기 과천시 과천동 654,127.007838042533,37.4439629881231
21160780,모란역 8호선,"교통,수송 > 지하철,전철 > 수도권8호선",경기 성남시 수정구 수진동 4518,127.129970457799,37.4340382896277
21160741,가천대역 수인분당선,"교통,수송 > 지하철,전철 > 수인분당선",경기 성남시 수정구 태평동 7131,127.1266967573021,37.44856169280611
8105524,태평역 수인분당선,"교통,수송 > 지하철,전철 > 수인분당선",경기 성남시 수정구 수진동 4808,127.12774980543841,37.43978918729356
21160729,복정역 8호선,"교통,수송 > 지하철,전철 > 수도권8호선",서울 송파구 장지동 596-21,127.12672175187316,37.47074367341675
1934817806,남위례역 8호선,"교통,수송 > 지하철,전철 > 수도권8호선",경기 성남시 수정구 복정동 57,127.139350997519,37.4627230752808
27455606,청계산입구역 신분당선,"교통,수송 > 지하철,전철 > 신분당선",서울 서초구 신원동 270-25,127.054720327179,37.4483547387397
21160485,모란역 수인분당선,"교통,수송 > 지하철,전철 > 수인분당선",경기 성남시 중원구 성남동 1575,127.12913205625071,37.432056973841604
21160469,복정역 수인분당선,"교통,수송 > 지하철,전철 > 수인분당선",서울 송파구 장지동 596-21,127.12657757539301,37.46904181976967
21160803,강남역 2호선,"교통,수송 > 지하철,전철 > 수도권2호선",서울 강남구 역삼동 858,127.02800140627488,37.49808633653005
21160541,서울대입구역 2호선,"교통,수송 > 지하철,전철 > 수도권2호선",서울 관악구 봉천동 979-2,126.952713197762,37.4812845080678
21160811,사당역 2호선,"교통,수송 > 지하철,전철 > 수도권2호선",서울 동작구 사당동 1129,126.98155858357366,37.47656223234824
21160588,낙성대역 2호선,"교통,수송 > 지하철,전철 > 수도권2호선",서울 관악구 봉천동 1693-39,126.963523905001,37.4770932409965
21160623,서초역 2호선,"교통,수송 > 지하철,전철 > 수도권2호선",서울 서초구 서초동 1748-5,127.007662120039,37.4918499338918
21160815,양재역 3호선,"교통,수송 > 지하철,전철 > 수도권3호선",서울 서초구 서초동 1366-9,127.03416413380752,37.48457681195669
21160738,선정릉역 수인분당선,"교통,수송 > 지하철,전철 > 수인분당선",서울 강남구 삼성동 111-114,127.043627289129,37.5109326388803
7967869,신논현역 9호선,"교통,수송 > 지하철,전철 > 수도권9호선",서울 강남구 역삼동 800,127.025492036104,37.504811111562
21160773,이수역 7호선,"교통,수송 > 지하철,전철 > 수도권7호선",서울 동작구 사당동 144-4,126.98167629035197,37.48528852311765
21160619,역삼역 2호선,"교통,수송 > 지하철,전철 > 수도권2호선",서울 강남구 역삼동 804,127.03646946847,37.5006744185994
25048049,남부터미널역 3호선,"교통,수송 > 지하철,전철 > 수도권3호선",서울 서초구 서초동 1748-30,127.01620028391,37.4851996335293
21161039,논현역 7호선,"교통,수송 > 지하철,전철 > 수도권7호선",서울 강남구 논현동 279-67,127.02165424259898,37.51120000205266
21160636,교대역 3호선,"교통,수송 > 지하철,전철 > 수도권3호선",서울 서초구 서초동 1748-4,127.013867969161,37.4927431676548
21160819,고속터미널역 3호선,"교통,수송 > 지하철,전철 > 수도권3호선",서울 서초구 반포동 19-11,127.00512100872538,37.50454885557265
21160676,학동역 7호선,"교통,수송 > 지하철,전철 > 수도권7호선",서울 강남구 논현동 279-67,127.03190190063152,37.51434578734927
18381853,강남역 신분당선,"교통,수송 > 지하철,전철 > 신분당선",서울 강남구 역삼동 858,127.028185245594,37.4967771303817
21160807,방배역 2호선,"교통,수송 > 지하철,전철 > 수도권2호선",서울 서초구 방배동 912-14,126.997553345516,37.4814561268152
21160723,내방역 7호선,"교통,수송 > 지하철,전철 > 수도권7호선",서울 서초구 방배동 874-16,126.993600180589,37.4876585212369
21160582,교대역 2호선,"교통,수송 > 지하철,전철 > 수도권2호선",서울 서초구 서초동 1748-4,127.014383829781,37.4938999991414
21160644,총신대입구역 4호선,"교통,수송 > 지하철,전철 > 수도권4호선",서울 동작구 사당동 736-1,126.982211871752,37.4867995957995
21160829,사당역 4호선,"교통,수송 > 지하철,전철 > 수도권4호선",서울 동작구 사당동 588-44,126.98169851997,37.4775912070902
21160710,남성역 7호선,"교통,수송 > 지하철,전철 > 수도권7호선",서울 동작구 사당동 산 25-33,126.97091020065321,37.484793511299706
26550130,언주역 9호선,"교통,수송 > 지하철,전철 > 수도권9호선",서울 강남구 논현동 279-165,127.033970921595,37.5073353959717
21161049,동작역 9호선,"교통,수송 > 지하철,전철 > 수도권9호선",서울 동작구 동작동 326,126.97810272869033,37.50294134516106
21160725,숭실대입구역 7호선,"교통,수송 > 지하철,전철 > 수도권7호선",서울 동작구 상도동 514,126.953621963422,37.4963172817574
10188645,노들역 9호선,"교통,수송 > 지하철,전철 > 수도권9호선",서울 동작구 본동 475-1,126.953096069577,37.5126721234205
21160782,흑석역 9호선,"교통,수송 > 지하철,전철 > 수도권9호선",서울 동작구 흑석동 4,126.963463063008,37.5091654719404
14659150,양재역 신분당선,"교통,수송 > 지하철,전철 > 신분당선",서울 서초구 서초동 1366-9,127.035154074503,37.4834655780476
21160821,잠원역 3호선,"교통,수송 > 지하철,전철 > 수도권3호선",서울 서초구 잠원동 100-1,127.011419491429,37.5128899169357
21160707,반포역 7호선,"교통,수송 > 지하철,전철 > 수도권7호선",서울 서초구 잠원동 103,127.011586161943,37.5081614290284
21160718,고속터미널역 9호선,"교통,수송 > 지하철,전철 > 수도권9호선",서울 서초구 반포동 19-11,127.004211793489,37.5059814899483
8189616,구반포역 9호선,"교통,수송 > 지하철,전철 > 수도권9호선",서울 서초구 반포동 817,126.987464905696,37.5014398319603
21160722,고속터미널역 7호선,"교통,수송 > 지하철,전철 > 수도권7호선",서울 서초구 반포동 19-11,127.005007834609,37.5033865633062
7968042,신반포역 9호선,"교통,수송 > 지하철,전철 > 수도권9호선",서울 서초구 반포동 128-1,126.996082392175,37.5035091412544
606997515,신논현역 신분당선,"교통,수송 > 지하철,전철 > 신분당선",서울 강남구 역삼동 858,127.024926154562,37.5036164990854
26550129,선정릉역 9호선,"교통,수송 > 지하철,전철 > 수도권9호선",서울 강남구 삼성동 111-114,127.0440148858615,37.51032431709664
7918693,사평역 9호선,"교통,수송 > 지하철,전철 > 수도권9호선",서울 서초구 반포동 128-7,127.015272484531,37.5042326273953
606928302,논현역 신분당선,"교통,수송 > 지하철,전철 > 신분당선",서울 강남구 논현동 280,127.021678898276,37.5104125196351
21160647,동작역 4호선,"교통,수송 > 지하철,전철 > 수도권4호선",서울 동작구 동작동 327-1,126.9803148383829,37.50297957674478
21160809,잠실역 2호선,"교통,수송 > 지하철,전철 > 수도권2호선",서울 송파구 신천동 8,127.10023101886318,37.51331105877401
21160714,송파역 8호선,"교통,수송 > 지하철,전철 > 수도권8호선",서울 송파구 가락동 459-4,127.112193506363,37.4997149535067
21160620,삼성역 2호선,"교통,수송 > 지하철,전철 > 수도권2호선",서울 강남구 삼성동 172-66,127.06302321147605,37.508822740225305
21161056,선릉역 수인분당선,"교통,수송 > 지하철,전철 > 수인분당선",서울 강남구 삼성동 172-66,127.04870992465413,37.505167825521674
21161046,문정역 8호선,"교통,수송 > 지하철,전철 > 수도권8호선",서울 송파구 문정동 119-4,127.122484886901,37.4860310539381
21160778,석촌역 8호선,"교통,수송 > 지하철,전철 > 수도권8호선",서울 송파구 석촌동 209,127.107004062699,37.5054141216925
21160539,잠실새내역 2호선,"교통,수송 > 지하철,전철 > 수도권2호선",서울 송파구 잠실동 33,127.086314327913,37.5116263587296
8154510,한티역 수인분당선,"교통,수송 > 지하철,전철 > 수인분당선",서울 강남구 대치동 1011-28,127.052909749417,37.4962857047653
21160731,가락시장역 8호선,"교통,수송 > 지하철,전철 > 수도권8호선",서울 송파구 가락동 184-23,127.118262745146,37.4930992522183
21160812,종합운동장역 2호선,"교통,수송 > 지하철,전철 > 수도권2호선",서울 송파구 잠실동 122,127.073849447402,37.5111446632705
21161044,장지역 8호선,"교통,수송 > 지하철,전철 > 수도권8호선",서울 송파구 장지동 201-5,127.12617656737,37.4786316933099
26550131,봉은사역 9호선,"교통,수송 > 지하철,전철 > 수도권9호선",서울 강남구 삼성동 172,127.060233935114,37.5142554489848
59252094,수서역 GTX-A,"교통,수송 > 지하철,전철 > GTX-A",서울 강남구 수서동 214-16,127.102558521485,37.4866365875118
21160730,잠실역 8호선,"교통,수송 > 지하철,전철 > 수도권8호선",서울 송파구 신천동 7-4,127.103270523629,37.5143121584933
298409584,삼전역 9호선,"교통,수송 > 지하철,전철 > 수도권9호선",서울 송파구 잠실동 347,127.08736363126373,37.504549097056476
21160691,방이역 5호선,"교통,수송 > 지하철,전철 > 수도권5호선",서울 송파구 방이동 217-2,127.126096046986,37.5087506251989
21160846,오금역 5호선,"교통,수송 > 지하철,전철 > 수도권5호선",서울 송파구 오금동 44-2,127.127953219596,37.5021388575469
21160816,매봉역 3호선,"교통,수송 > 지하철,전철 > 수도권3호선",서울 강남구 도곡동 179-2,127.046711448388,37.4869394661317
21160593,도곡역 3호선,"교통,수송 > 지하철,전철 > 수도권3호선",서울 강남구 도곡동 339-2,127.05549883514037,37.49097398162934
21160551,수서역 3호선,"교통,수송 > 지하철,전철 > 수도권3호선",서울 강남구 수서동 728,127.10205874359781,37.487459640349336
26550128,삼성중앙역 9호선,"교통,수송 > 지하철,전철 > 수도권9호선",서울 강남구 삼성동 111-147,127.053043676912,37.5129614511319
21160637,대청역 3호선,"교통,수송 > 지하철,전철 > 수도권3호선",서울 강남구 일원동 700-9,127.07952812085006,37.49370832148055
1822985559,석촌고분역 9호선,"교통,수송 > 지하철,전철 > 수도권9호선",서울 송파구 삼전동 157-1,127.0965081858022,37.50246245994369
21160634,대치역 3호선,"교통,수송 > 지하철,전철 > 수도권3호선",서울 강남구 대치동 317-3,127.063203409529,37.4944966528582
40611700,송파나루역 9호선,"교통,수송 > 지하철,전철 > 수도권9호선",서울 송파구 방이동 2,127.11266171422027,37.51101671275264
21160548,학여울역 3호선,"교통,수송 > 지하철,전철 > 수도권3호선",서울 강남구 대치동 514-3,127.071166599707,37.4968851977644
21160466,일원역 3호선,"교통,수송 > 지하철,전철 > 수도권3호선",서울 강남구 일원동 717,127.084129757128,37.4839886684666
11739480,경찰병원역 3호선,"교통,수송 > 지하철,전철 > 수도권3호선",서울 송파구 가락동 10-15,127.124482397777,37.4960049150853
26550127,종합운동장역 9호선,"교통,수송 > 지하철,전철 > 수도권9호선",서울 송파구 잠실동 122,127.076324485585,37.5114097871778
21160484,대모산입구역 수인분당선,"교통,수송 > 지하철,전철 > 수인분당선",서울 강남구 일원동 700-1,127.073070274916,37.4915500752654
8192414,개포동역 수인분당선,"교통,수송 > 지하철,전철 > 수인분당선",서울 강남구 개포동 195,127.066120707828,37.4891394691891
21160804,선릉역 2호선,"교통,수송 > 지하철,전철 > 수도권2호선",서울 강남구 삼성동 172-66,127.04896282498558,37.504497373023206
1578645608,석촌역 9호선,"교통,수송 > 지하철,전철 > 수도권9호선",서울 송파구 석촌동 209,127.10676479806769,37.504972845773686
27260940,가락시장역 3호선,"교통,수송 > 지하철,전철 > 수도권3호선",서울 송파구 가락동 184-23,127.11764173832,37.4922493218664
21160739,구룡역 수인분당선,"교통,수송 > 지하철,전철 > 수인분당선",서울 강남구 개포동 175-3,127.059492941655,37.4870274262116
21160822,오금역 3호선,"교통,수송 > 지하철,전철 > 수도권3호선",서울 송파구 오금동 44-2,127.12848280775154,37.50232208779385
27255180,수서역 수인분당선,"교통,수송 > 지하철,전철 > 수인분당선",서울 강남구 수서동 728,127.10096935722798,37.48791648624159
21160928,도곡역 수인분당선,"교통,수송 > 지하철,전철 > 수인분당선",서울 강남구 도곡동 339-2,127.05510807289598,37.491628295881874
21160755,개롱역 5호선,"교통,수송 > 지하철,전철 > 수도권5호선",서울 송파구 가락동 165-2,127.13507959838425,37.497968278388235
25048462,화곡역 5호선,"교통,수송 > 지하철,전철 > 수도권5호선",서울 강서구 화곡동 1089-54,126.840455026335,37.5416507925709
21160533,신정네거리역 2호선,"교통,수송 > 지하철,전철 > 수도권2호선",서울 양천구 신정동 1231,126.852889567642,37.5202231231721
21160683,까치산역 5호선,"교통,수송 > 지하철,전철 > 수도권5호선",서울 강서구 화곡동 662-5,126.846444264065,37.5322306724471
215455054,원종역 서해선,"교통,수송 > 지하철,전철 > 서해선",경기 부천시 오정구 원종동 404,126.804845090802,37.5241890956788
21160842,우장산역 5호선,"교통,수송 > 지하철,전철 > 수도권5호선",서울 강서구 화곡동 1089-3,126.83632627213518,37.54881618721654
21160499,까치산역 2호선,"교통,수송 > 지하철,전철 > 수도권2호선",서울 강서구 화곡동 662-5,126.846948282657,37.5314060103327
21160589,홍대입구역 2호선,"교통,수송 > 지하철,전철 > 수도권2호선",서울 마포구 동교동 165,126.923778562273,37.5568707448873
21160580,당산역 2호선,"교통,수송 > 지하철,전철 > 수도권2호선",서울 영등포구 당산동6가 323-1,126.902611795523,37.5347843171332
21160843,여의도역 5호선,"교통,수송 > 지하철,전철 > 수도권5호선",서울 영등포구 여의도동 3,126.924397990207,37.5217753947299
21160661,여의나루역 5호선,"교통,수송 > 지하철,전철 > 수도권5호선",서울 영등포구 여의도동 84-4,126.93298596744,37.5271469489465
21160542,합정역 2호선,"교통,수송 > 지하철,전철 > 수도권2호선",서울 마포구 서교동 393,126.91445406513526,37.54991315995173
21160531,신촌역 2호선,"교통,수송 > 지하철,전철 > 수도권2호선",서울 마포구 노고산동 31-11,126.93698075993808,37.555198169366435
21160839,오목교역 5호선,"교통,수송 > 지하철,전철 > 수도권5호선",서울 양천구 목동 406-30,126.875307312696,37.5245340839144
21160534,영등포구청역 2호선,"교통,수송 > 지하철,전철 > 수도권2호선",서울 영등포구 당산동3가 270-1,126.89667739939,37.5258305311402
21160668,망원역 6호선,"교통,수송 > 지하철,전철 > 수도권6호선",서울 마포구 망원동 378,126.910094329982,37.5560826563712
21160752,마포역 5호선,"교통,수송 > 지하철,전철 > 수도권5호선",서울 마포구 도화동 160,126.94586257221307,37.53955402908912
10652921,여의도역 9호선,"교통,수송 > 지하철,전철 > 수도권9호선",서울 영등포구 여의도동 2-6,126.92466104293,37.5211700890445
21160655,목동역 5호선,"교통,수송 > 지하철,전철 > 수도권5호선",서울 양천구 목동 926-3,126.86462527157516,37.526135115923466
14577297,신길역 1호선,"교통,수송 > 지하철,전철 > 수도권1호선",서울 영등포구 신길동 41-1,126.91836721069228,37.51678703217714
21160581,문래역 2호선,"교통,수송 > 지하철,전철 > 수도권2호선",서울 영등포구 문래동3가 68-1,126.894778820701,37.5179757181801
21160684,양평역 5호선,"교통,수송 > 지하철,전철 > 수도권5호선",서울 영등포구 양평동2가 33-79,126.886419282885,37.5255796429707
7939160,선유도역 9호선,"교통,수송 > 지하철,전철 > 수도권9호선",서울 영등포구 양평동5가 66-1,126.89333386450167,37.53815865606546
21160794,영등포역 1호선,"교통,수송 > 지하철,전철 > 수도권1호선",서울 영등포구 영등포동 618-496,126.907550274975,37.5156726288261
21160665,영등포시장역 5호선,"교통,수송 > 지하철,전철 > 수도권5호선",서울 영등포구 영등포동5가 62-1,126.905179566968,37.522709383885
21160716,염창역 9호선,"교통,수송 > 지하철,전철 > 수도권9호선",서울 강서구 염창동 284-84,126.874871603971,37.546982941543
7852356,등촌역 9호선,"교통,수송 > 지하철,전철 > 수도권9호선",서울 강서구 등촌동 666-94,126.86557100595411,37.550728980328884
21160628,이대역 2호선,"교통,수송 > 지하철,전철 > 수도권2호선",서울 마포구 염리동 8-85,126.94642954546576,37.556814718869
21160838,신정역 5호선,"교통,수송 > 지하철,전철 > 수도권5호선",서울 양천구 신정동 1090,126.856097474225,37.5250276134139
8690986,국회의사당역 9호선,"교통,수송 > 지하철,전철 > 수도권9호선",서울 영등포구 여의도동 1-6,126.91783895106,37.5281465047706
21160855,상수역 6호선,"교통,수송 > 지하철,전철 > 수도권6호선",서울 마포구 상수동 309-10,126.92242989321456,37.54776618366393
21160700,광흥창역 6호선,"교통,수송 > 지하철,전철 > 수도권6호선",서울 마포구 창전동 145-17,126.93202965599583,37.54748648317645
7929049,샛강역 9호선,"교통,수송 > 지하철,전철 > 수도권9호선",서울 영등포구 여의도동 5-6,126.9283750591322,37.51737287009036
21160764,대흥역 6호선,"교통,수송 > 지하철,전철 > 수도권6호선",서울 마포구 대흥동 128-1,126.942473188734,37.5476479056751
21161048,당산역 9호선,"교통,수송 > 지하철,전철 > 수도권9호선",서울 영등포구 당산동6가 227-1,126.902165052778,37.5337892432802
18294418,홍대입구역 공항철도,"교통,수송 > 지하철,전철 > 공항철도",서울 마포구 동교동 190-1,126.927010430346,37.5573052656667
10524953,신목동역 9호선,"교통,수송 > 지하철,전철 > 수도권9호선",서울 양천구 목동 136-2,126.883095790252,37.5442883741577
21160749,영등포구청역 5호선,"교통,수송 > 지하철,전철 > 수도권5호선",서울 영등포구 당산동3가 556-1,126.895322094259,37.5242291583027
21160674,합정역 6호선,"교통,수송 > 지하철,전철 > 수도권6호선",서울 마포구 합정동 414,126.91421318621,37.5487840343032
26352390,홍대입구역 경의중앙선,"교통,수송 > 지하철,전철 > 경의중앙선",서울 마포구 동교동 190-1,126.927118938976,37.5574494922411
21160688,신길역 5호선,"교통,수송 > 지하철,전철 > 수도권5호선",서울 영등포구 영등포동1가 35,126.914913947722,37.517663974187
26352318,서강대역 경의중앙선,"교통,수송 > 지하철,전철 > 경의중앙선",서울 마포구 노고산동 112-5,126.935507621173,37.5521384864879
606843973,샛강역 신림선,"교통,수송 > 지하철,전철 > 신림선",서울 영등포구 여의도동 5-6,126.929463427672,37.5171662943088
21160717,마곡나루역 9호선,"교통,수송 > 지하철,전철 > 수도권9호선",서울 강서구 마곡동 760-3,126.827420928424,37.5667126094974
21160747,마곡역 5호선,"교통,수송 > 지하철,전철 > 수도권5호선",서울 강서구 마곡동 769-3,126.82469691791624,37.56022863776301
21160748,송정역 5호선,"교통,수송 > 지하철,전철 > 수도권5호선",서울 강서구 공항동 29-5,126.812430347154,37.5611612387718
8428742,양천향교역 9호선,"교통,수송 > 지하철,전철 > 수도권9호선",서울 강서구 가양동 159-3,126.841978835328,37.5680808809647
8115681,가양역 9호선,"교통,수송 > 지하철,전철 > 수도권9호선",서울 강서구 가양동 14-61,126.85442142615852,37.56143311719883
8237395,김포공항역 9호선,"교통,수송 > 지하철,전철 > 수도권9호선",서울 강서구 방화동 886,126.80191361988808,37.56196757232288
21160656,방화역 5호선,"교통,수송 > 지하철,전철 > 수도권5호선",서울 강서구 방화동 829-15,126.812819296675,37.5776031994404
7972954,신방화역 9호선,"교통,수송 > 지하철,전철 > 수도권9호선",서울 강서구 방화동 217-156,126.81723757150974,37.56748745669626
8683474,개화역 9호선,"교통,수송 > 지하철,전철 > 수도권9호선",서울 강서구 개화동 664,126.796891362602,37.5783445148797
21160837,개화산역 5호선,"교통,수송 > 지하철,전철 > 수도권5호선",서울 강서구 방화동 846,126.806814314979,37.5725371505293
21160847,발산역 5호선,"교통,수송 > 지하철,전철 > 수도권5호선",서울 강서구 마곡동 727-1496,126.83773640693936,37.558677743241596
960581878,마곡나루역 공항철도,"교통,수송 > 지하철,전철 > 공항철도",서울 강서구 마곡동 373-14,126.82749586320818,37.56563152507763
21160920,김포공항역 공항철도,"교통,수송 > 지하철,전철 > 공항철도",서울 강서구 방화동 886,126.8024731079849,37.561829756420224
8184889,공항시장역 9호선,"교통,수송 > 지하철,전철 > 수도권9호선",서울 강서구 공항동 산 20-2,126.81060964296609,37.56368922800772
284871275,김포공항역 서해선,"교통,수송 > 지하철,전철 > 서해선",서울 강서구 방화동 886,126.804151698874,37.5617956120178
21160682,김포공항역 5호선,"교통,수송 > 지하철,전철 > 수도권5호선",서울 강서구 방화동 886,126.80125680693868,37.56209981580658
1450625973,김포공항역 김포골드라인,"교통,수송 > 지하철,전철 > 김포골드라인",서울 강서구 방화동 886,126.80199188908921,37.56232990369519
21160544,홍제역 3호선,"교통,수송 > 지하철,전철 > 수도권3호선",서울 서대문구 홍제동 161-1,126.944158007985,37.5887953806088
25039996,응암역 6호선,"교통,수송 > 지하철,전철 > 수도권6호선",서울 은평구 신사동 22-15,126.9155399209037,37.5984928632876
21160854,디지털미디어시티역 6호선,"교통,수송 > 지하철,전철 > 수도권6호선",서울 은평구 증산동 223-25,126.90127778415635,37.57601374718818
26352438,가좌역 경의중앙선,"교통,수송 > 지하철,전철 > 경의중앙선",서울 서대문구 남가좌동 293-64,126.914815128053,37.5687433529646
21160695,새절역 6호선,"교통,수송 > 지하철,전철 > 수도권6호선",서울 은평구 신사동 337-5,126.913580663181,37.5908600479967
21160698,마포구청역 6호선,"교통,수송 > 지하철,전철 > 수도권6호선",서울 마포구 성산동 592,126.903425598797,37.5634871865932
26352427,수색역 경의중앙선,"교통,수송 > 지하철,전철 > 경의중앙선",서울 은평구 수색동 81,126.895659474538,37.5808625683358
25037150,증산역 6호선,"교통,수송 > 지하철,전철 > 수도권6호선",서울 은평구 증산동 199-8,126.909494991105,37.583746353282
26352363,신촌역 경의중앙선,"교통,수송 > 지하철,전철 > 경의중앙선",서울 서대문구 신촌동 74-12,126.94208931819857,37.55967513765615
11147967,증미역 9호선,"교통,수송 > 지하철,전철 > 수도권9호선",서울 강서구 등촌동 666-40,126.86063675500975,37.558133059903305
27256221,디지털미디어시티역 공항철도,"교통,수송 > 지하철,전철 > 공항철도",서울 마포구 상암동 1140,126.89788185706144,37.57752092438604
21160672,월드컵경기장역 6호선,"교통,수송 > 지하철,전철 > 수도권6호선",서울 마포구 성산동 420,126.899098148061,37.5696355653344
27256382,디지털미디어시티역 경의중앙선,"교통,수송 > 지하철,전철 > 경의중앙선",서울 은평구 수색동 37-2,126.90069067398757,37.57740168656261
21160756,공덕역 5호선,"교통,수송 > 지하철,전철 > 수도권5호선",서울 마포구 공덕동 423-29,126.951451177648,37.5445416897534
21160762,이태원역 6호선,"교통,수송 > 지하철,전철 > 수도권6호선",서울 용산구 이태원동 119-23,126.994333861918,37.5345252050511
21160633,신사역 3호선,"교통,수송 > 지하철,전철 > 수도권3호선",서울 강남구 신사동 667,127.02030856272764,37.51643597531432
161159877,서울역 GTX-A,"교통,수송 > 지하철,전철 > GTX-A",서울 중구 봉래동2가 166-1,126.972636930856,37.5554875216741
21161042,강남구청역 7호선,"교통,수송 > 지하철,전철 > 수도권7호선",서울 강남구 삼성동 111-44,127.0413109462156,37.51721617197854
21161051,서울역 공항철도,"교통,수송 > 지하철,전철 > 공항철도",서울 용산구 동자동 43-205,126.96974961781686,37.55332892758497
21160592,압구정역 3호선,"교통,수송 > 지하철,전철 > 수도권3호선",서울 강남구 신사동 668,127.02850865895756,37.52649127416921
21160813,약수역 3호선,"교통,수송 > 지하철,전철 > 수도권3호선",서울 중구 신당동 369-44,127.010891666957,37.5545053994984
21160583,아현역 2호선,"교통,수송 > 지하철,전철 > 수도권2호선",서울 마포구 아현동 354-23,126.95614644008904,37.55740617797663
25048776,삼각지역 4호선,"교통,수송 > 지하철,전철 > 수도권4호선",서울 용산구 한강로1가 228-1,126.972922951307,37.5344393447708
21160526,용산역 1호선,"교통,수송 > 지하철,전철 > 수도권1호선",서울 용산구 한강로3가 40-999,126.96462961258051,37.52977356999725
27254967,서울역 1호선,"교통,수송 > 지하철,전철 > 수도권1호선",서울 중구 남대문로5가 73-6,126.97209238331357,37.55597933890212
18234120,서울숲역 수인분당선,"교통,수송 > 지하철,전철 > 수인분당선",서울 성동구 성수동1가 656-436,127.044746216358,37.543645796605
21160557,신용산역 4호선,"교통,수송 > 지하철,전철 > 수도권4호선",서울 용산구 한강로2가 181,126.967965039183,37.5292591489375
21160546,옥수역 3호선,"교통,수송 > 지하철,전철 > 수도권3호선",서울 성동구 옥수동 168-1,127.017393782846,37.5415662783673
21160591,금호역 3호선,"교통,수송 > 지하철,전철 > 수도권3호선",서울 성동구 금호동4가 1470,127.01582916945283,37.548260922874086
10182341,남영역 1호선,"교통,수송 > 지하철,전철 > 수도권1호선",서울 용산구 갈월동 96-1,126.97133096608212,37.540566672483216
18234115,압구정로데오역 수인분당선,"교통,수송 > 지하철,전철 > 수인분당선",서울 강남구 압구정동 495,127.0406027693898,37.5275184818021
21160736,한남역 경의중앙선,"교통,수송 > 지하철,전철 > 경의중앙선",서울 용산구 한남동 399-7,127.009209110584,37.5294289189437
21160673,녹사평역 6호선,"교통,수송 > 지하철,전철 > 수도권6호선",서울 용산구 용산동4가 4,126.9865496751,37.5347227952064
21160643,숙대입구역 4호선,"교통,수송 > 지하철,전철 > 수도권4호선",서울 용산구 갈월동 16-7,126.972118127373,37.5445952301115
21160852,한강진역 6호선,"교통,수송 > 지하철,전철 > 수도권6호선",서울 용산구 한남동 726-494,127.001765135176,37.5397907743775
21160659,애오개역 5호선,"교통,수송 > 지하철,전철 > 수도권5호선",서울 마포구 아현동 612,126.956669363197,37.5534131497489
8150245,행당역 5호선,"교통,수송 > 지하철,전철 > 수도권5호선",서울 성동구 행당동 317-241,127.029511840513,37.5573637818732
21160701,효창공원앞역 6호선,"교통,수송 > 지하철,전철 > 수도권6호선",서울 용산구 효창동 80,126.96139810075,37.5393087503306
21160585,한양대역 2호선,"교통,수송 > 지하철,전철 > 수도권2호선",서울 성동구 행당동 산 17,127.043639802768,37.5557159860408
21160482,신금호역 5호선,"교통,수송 > 지하철,전철 > 수도권5호선",서울 성동구 금호동2가 223-1,127.02049316578315,37.55447619249223
21160921,용산역 경의중앙선,"교통,수송 > 지하철,전철 > 경의중앙선",서울 용산구 한강로3가 40-999,126.96475753303035,37.52960692295435
17493449,응봉역 경의중앙선,"교통,수송 > 지하철,전철 > 경의중앙선",서울 성동구 응봉동 246,127.034483653629,37.5499526279456
21161055,이촌역 경의중앙선,"교통,수송 > 지하철,전철 > 경의중앙선",서울 용산구 이촌동 17-69,126.97354382085399,37.52241291408466
21160827,서울역 4호선,"교통,수송 > 지하철,전철 > 수도권4호선",서울 용산구 동자동 14-151,126.97264235696984,37.553027798935524
25039152,이촌역 4호선,"교통,수송 > 지하철,전철 > 수도권4호선",서울 용산구 용산동5가 17-112,126.97452008954151,37.522373484615365
606945581,신사역 신분당선,"교통,수송 > 지하철,전철 > 신분당선",서울 강남구 신사동 667,127.019551734927,37.5160820085929
21160862,서빙고역 경의중앙선,"교통,수송 > 지하철,전철 > 경의중앙선",서울 용산구 서빙고동 241-98,126.98841094338457,37.519568139395346
16017501,공덕역 공항철도,"교통,수송 > 지하철,전철 > 공항철도",서울 마포구 도화동 25-13,126.952602261123,37.5423148868697
21160760,버티고개역 6호선,"교통,수송 > 지하철,전철 > 수도권6호선",서울 중구 신당동 366-454,127.006730866101,37.5478275106099
11277106,삼각지역 6호선,"교통,수송 > 지하철,전철 > 수도권6호선",서울 용산구 한강로1가 228-1,126.97405509443837,37.53560639488231
26352409,서울역 경의중앙선,"교통,수송 > 지하철,전철 > 경의중앙선",서울 중구 봉래동2가 122-28,126.9713179064219,37.55693330961779
21160757,약수역 6호선,"교통,수송 > 지하철,전철 > 수도권6호선",서울 중구 신당동 369-2,127.010153707232,37.5539252226626
26352421,공덕역 경의중앙선,"교통,수송 > 지하철,전철 > 경의중앙선",서울 마포구 도화동 25-13,126.95271984059,37.5424735099283
21160927,강남구청역 수인분당선,"교통,수송 > 지하철,전철 > 수인분당선",서울 강남구 삼성동 111-44,127.04150404599,37.5166241449989
21161054,옥수역 경의중앙선,"교통,수송 > 지하철,전철 > 경의중앙선",서울 성동구 옥수동 168-1,127.01874455821252,37.540511901869166
100473650,효창공원앞역 경의중앙선,"교통,수송 > 지하철,전철 > 경의중앙선",서울 용산구 효창동 80,126.96282412672662,37.53860552677497
21160856,공덕역 6호선,"교통,수송 > 지하철,전철 > 수도권6호선",서울 마포구 공덕동 439,126.95189540256291,37.543530049331636
21160626,성수역 2호선,"교통,수송 > 지하철,전철 > 수도권2호선",서울 성동구 성수동2가 300-1,127.056066999327,37.5445888153751
21160625,건대입구역 2호선,"교통,수송 > 지하철,전철 > 수도권2호선",서울 광진구 화양동 7-3,127.06920291650829,37.54040751726388
8099936,천호역 5호선,"교통,수송 > 지하철,전철 > 수도권5호선",서울 강동구 천호동 455,127.12392845044,37.5385112120297
21160692,군자역 5호선,"교통,수송 > 지하철,전철 > 수도권5호선",서울 광진구 능동 275-5,127.0795106156054,37.557151488837924
21160537,강변역 2호선,"교통,수송 > 지하철,전철 > 수도권2호선",서울 광진구 구의동 546-6,127.094741101863,37.5351180385975
21160654,아차산역 5호선,"교통,수송 > 지하철,전철 > 수도권5호선",서울 광진구 능동 256-16,127.08956495447913,37.55224917071854
21160690,강동역 5호선,"교통,수송 > 지하철,전철 > 수도권5호선",서울 강동구 천호동 447,127.132396300314,37.5358819145235
21160586,구의역 2호선,"교통,수송 > 지하철,전철 > 수도권2호선",서울 광진구 구의동 245-24,127.086180837795,37.5371752725594
21160627,뚝섬역 2호선,"교통,수송 > 지하철,전철 > 수도권2호선",서울 성동구 성수동1가 656-745,127.04738727881,37.547241554679
21160702,어린이대공원역 7호선,"교통,수송 > 지하철,전철 > 수도권7호선",서울 광진구 화양동 164-1,127.07465525507352,37.54796087622509
21160712,군자역 7호선,"교통,수송 > 지하철,전철 > 수도권7호선",서울 광진구 능동 275-5,127.07966825326926,37.55745501860533
21160687,광나루역 5호선,"교통,수송 > 지하철,전철 > 수도권5호선",서울 광진구 광장동 237,127.103521464507,37.5452991715677
21160777,암사역 8호선,"교통,수송 > 지하철,전철 > 수도권8호선",서울 강동구 암사동 501,127.12754072968517,37.55015818096496
21161041,청담역 7호선,"교통,수송 > 지하철,전철 > 수도권7호선",서울 강남구 청담동 77-76,127.053717937903,37.519455579961
21160584,잠실나루역 2호선,"교통,수송 > 지하철,전철 > 수도권2호선",서울 송파구 신천동 15,127.103808749487,37.5207124124456
21161045,강동구청역 8호선,"교통,수송 > 지하철,전철 > 수도권8호선",서울 강동구 성내동 319,127.12044373032,37.5302111983522
21160754,올림픽공원역 5호선,"교통,수송 > 지하철,전철 > 수도권5호선",서울 송파구 방이동 89-28,127.130963675401,37.5163389870117
21160689,둔촌동역 5호선,"교통,수송 > 지하철,전철 > 수도권5호선",서울 강동구 둔촌동 416,127.13621464981398,37.52765684247226
21160713,천호역 8호선,"교통,수송 > 지하철,전철 > 수도권8호선",서울 강동구 천호동 455,127.12320335921426,37.537936231906734
21160709,자양역 7호선,"교통,수송 > 지하철,전철 > 수도권7호선",서울 광진구 자양동 73-2,127.06679509976304,37.53155927720518
21160772,건대입구역 7호선,"교통,수송 > 지하철,전철 > 수도권7호선",서울 광진구 화양동 6-3,127.071104284458,37.5408686005702
21160501,몽촌토성역 8호선,"교통,수송 > 지하철,전철 > 수도권8호선",서울 송파구 신천동 19,127.11286534895457,37.5178055794687
1006194309,올림픽공원역 9호선,"교통,수송 > 지하철,전철 > 수도권9호선",서울 송파구 방이동 89-28,127.130252931248,37.5161163241813
1674992873,둔촌오륜역 9호선,"교통,수송 > 지하철,전철 > 수도권9호선",서울 강동구 둔촌동 227-7,127.13865206962898,37.51940803726135
585546584,한성백제역 9호선,"교통,수송 > 지하철,전철 > 수도권9호선",서울 송파구 방이동 88-17,127.116449169971,37.5165379932802
1293907761,암사역사공원역 8호선,"교통,수송 > 지하철,전철 > 수도권8호선",서울 강동구 암사동 378,127.137563111896,37.5571837185175
21160840,광화문역 5호선,"교통,수송 > 지하철,전철 > 수도권5호선",서울 종로구 세종로 1-68,126.97642427981408,37.57164860977568
21160784,종로3가역 1호선,"교통,수송 > 지하철,전철 > 수도권1호선",서울 종로구 종로3가 10-5,126.992153252476,37.570420844523
21160648,명동역 4호선,"교통,수송 > 지하철,전철 > 수도권4호선",서울 중구 충무로2가 109-2,126.98640235001736,37.56096526943837
21160613,종각역 1호선,"교통,수송 > 지하철,전철 > 수도권1호선",서울 종로구 종로1가 54,126.98315081716676,37.570227990912244
21160570,시청역 1호선,"교통,수송 > 지하철,전철 > 수도권1호선",서울 중구 정동 5-5,126.97719821079865,37.56534539636417
21160823,경복궁역 3호선,"교통,수송 > 지하철,전철 > 수도권3호선",서울 종로구 적선동 81-1,126.973691352767,37.5758061234865
21160552,안국역 3호선,"교통,수송 > 지하철,전철 > 수도권3호선",서울 종로구 안국동 73-1,126.98542143228659,37.57650192060523
21160622,을지로입구역 2호선,"교통,수송 > 지하철,전철 > 수도권2호선",서울 중구 을지로1가 100-1,126.9821953112953,37.566035517712955
21160530,을지로3가역 2호선,"교통,수송 > 지하철,전철 > 수도권2호선",서울 중구 을지로3가 347-3,126.99098443539428,37.56629149790628
21160543,충무로역 3호선,"교통,수송 > 지하철,전철 > 수도권3호선",서울 중구 필동2가 16-2,126.99414960395544,37.56139658395457
21160642,회현역 4호선,"교통,수송 > 지하철,전철 > 수도권4호선",서울 중구 남창동 64-1,126.9784372569283,37.55876114587941
21160806,충정로역 2호선,"교통,수송 > 지하철,전철 > 수도권2호선",서울 서대문구 충정로3가 319-1,126.96449207476172,37.55976328822766
21160638,독립문역 3호선,"교통,수송 > 지하철,전철 > 수도권3호선",서울 서대문구 현저동 101,126.95791371132584,37.57446627898665
21160680,종로3가역 5호선,"교통,수송 > 지하철,전철 > 수도권5호선",서울 종로구 돈의동 39-1,126.9904176797898,37.57258941181964
21160536,시청역 2호선,"교통,수송 > 지하철,전철 > 수도권2호선",서울 중구 서소문동 90-1,126.97559827045151,37.56368183746611
21160590,을지로3가역 3호선,"교통,수송 > 지하철,전철 > 수도권3호선",서울 중구 을지로3가 282-8,126.992615486076,37.5664312655685
21160639,충무로역 4호선,"교통,수송 > 지하철,전철 > 수도권4호선",서울 중구 필동2가 16-2,126.9952553883253,37.56151106015413
21160545,종로3가역 3호선,"교통,수송 > 지하철,전철 > 수도권3호선",서울 종로구 묘동 20-5,126.9918757981544,37.571563287751246
21160686,충정로역 5호선,"교통,수송 > 지하철,전철 > 수도권5호선",서울 서대문구 충정로3가 248-1,126.96303964820936,37.56042867918723
21160751,서대문역 5호선,"교통,수송 > 지하철,전철 > 수도권5호선",서울 종로구 평동 210,126.96663755850754,37.56575193662503
21160481,왕십리역 2호선,"교통,수송 > 지하철,전철 > 수도권2호선",서울 성동구 행당동 192,127.03710337610202,37.561268363317176
21160535,상왕십리역 2호선,"교통,수송 > 지하철,전철 > 수도권2호선",서울 성동구 하왕십리동 946-14,127.02927241035283,37.56443666620397
21160565,동대문역 1호선,"교통,수송 > 지하철,전철 > 수도권1호선",서울 종로구 창신동 492-1,127.0106338108367,37.57166940579655
21160608,동묘앞역 1호선,"교통,수송 > 지하철,전철 > 수도권1호선",서울 종로구 숭인동 117,127.016364227103,37.5732166600283
21160801,신당역 2호선,"교통,수송 > 지하철,전철 > 수도권2호선",서울 중구 신당동 99,127.019477533278,37.5656730531732
21160522,신설동역 1호선,"교통,수송 > 지하철,전철 > 수도권1호선",서울 동대문구 신설동 76-5,127.024456700382,37.5760299683175
21160617,동대문역사문화공원역 2호선,"교통,수송 > 지하철,전철 > 수도권2호선",서울 중구 을지로7가 112-3,127.00900417014896,37.56566440553802
21160791,종로5가역 1호선,"교통,수송 > 지하철,전철 > 수도권1호선",서울 종로구 종로5가 82-1,127.00153834521934,37.57097610838373
17754615,청구역 6호선,"교통,수송 > 지하철,전철 > 수도권6호선",서울 중구 신당동 295-2,127.014165812912,37.5609165488093
21160567,제기동역 1호선,"교통,수송 > 지하철,전철 > 수도권1호선",서울 동대문구 제기동 65,127.03494949507864,37.57817349658033
21160629,동대입구역 3호선,"교통,수송 > 지하철,전철 > 수도권3호선",서울 중구 장충동2가 199-3,127.00531600900922,37.55905581925076
21160660,마장역 5호선,"교통,수송 > 지하철,전철 > 수도권5호선",서울 성동구 마장동 804,127.042984855663,37.5661389565959
21160578,을지로4가역 2호선,"교통,수송 > 지하철,전철 > 수도권2호선",서울 중구 을지로4가 267-1,126.997632059113,37.5666405038268
21160841,왕십리역 5호선,"교통,수송 > 지하철,전철 > 수도권5호선",서울 성동구 행당동 192,127.03733125702163,37.56203954461276
21160658,동대문역사문화공원역 5호선,"교통,수송 > 지하철,전철 > 수도권5호선",서울 중구 광희동1가 235-6,127.00579179092047,37.56462215427451
21160553,동대문역 4호선,"교통,수송 > 지하철,전철 > 수도권4호선",서울 종로구 종로6가 287-1,127.009313828405,37.5709072753658
21160538,용두역 2호선,"교통,수송 > 지하철,전철 > 수도권2호선",서울 동대문구 용두동 47-1,127.038275698211,37.5740621283646
18234123,왕십리역 수인분당선,"교통,수송 > 지하철,전철 > 수인분당선",서울 성동구 행당동 168-151,127.03878380532441,37.56063982853407
21160693,신당역 6호선,"교통,수송 > 지하철,전철 > 수도권6호선",서울 중구 흥인동 162-1,127.01617590593352,37.56609251486158
21160597,동대문역사문화공원역 4호선,"교통,수송 > 지하철,전철 > 수도권4호선",서울 중구 광희동2가 9,127.00769790634796,37.565033800640144
21160924,왕십리역 경의중앙선,"교통,수송 > 지하철,전철 > 경의중앙선",서울 성동구 행당동 168-151,127.0383329389645,37.56205814456861
21160848,동묘앞역 6호선,"교통,수송 > 지하철,전철 > 수도권6호선",서울 종로구 숭인동 316-3,127.015725557994,37.5721715926337
21160805,신설동역 2호선,"교통,수송 > 지하철,전철 > 수도권2호선",서울 동대문구 신설동 76-5,127.024918166399,37.5748045192005
21160685,을지로4가역 5호선,"교통,수송 > 지하철,전철 > 수도권5호선",서울 중구 주교동 191,126.99804517954063,37.567564032148596
2019076990,신설동역 우이신설선,"교통,수송 > 지하철,전철 > 우이신설경전철",서울 동대문구 신설동 76-5,127.02320708440578,37.576550995373644
21160835,청구역 5호선,"교통,수송 > 지하철,전철 > 수도권5호선",서울 중구 신당동 295-2,127.013943845279,37.5602101936978
21160595,무악재역 3호선,"교통,수송 > 지하철,전철 > 수도권3호선",서울 서대문구 홍제동 26-1,126.950230954136,37.5825632263526
21160556,혜화역 4호선,"교통,수송 > 지하철,전철 > 수도권4호선",서울 종로구 명륜4가 96-5,127.00194500977393,37.58204391787134
21160826,한성대입구역 4호선,"교통,수송 > 지하철,전철 > 수도권4호선",서울 성북구 삼선동1가 14,127.00601781685579,37.58842461354086
21160600,성신여대입구역 4호선,"교통,수송 > 지하철,전철 > 수도권4호선",서울 성북구 동선동4가 1,127.0171260607647,37.59296812939267
21160763,보문역 6호선,"교통,수송 > 지하철,전철 > 수도권6호선",서울 성북구 보문동1가 127-1,127.020003515933,37.585541696968
21160572,청량리역 1호선,"교통,수송 > 지하철,전철 > 수도권1호선",서울 동대문구 전농동 620-67,127.04472723023305,37.580037056302906
21160853,안암역 6호선,"교통,수송 > 지하철,전철 > 수도권6호선",서울 성북구 안암동5가 146-1,127.029233420248,37.586307417971
21160766,고려대역 6호선,"교통,수송 > 지하철,전철 > 수도권6호선",서울 성북구 종암동 29-18,127.03630828564728,37.59044191064368
21160671,창신역 6호선,"교통,수송 > 지하철,전철 > 수도권6호선",서울 종로구 창신동 20-8,127.01529688465331,37.57941474393655
1189478251,성신여대입구역 우이신설선,"교통,수송 > 지하철,전철 > 우이신설경전철",서울 성북구 동선동4가 1,127.016549589616,37.5923825668685
1089335859,보문역 우이신설선,"교통,수송 > 지하철,전철 > 우이신설경전철",서울 성북구 보문동1가 127-1,127.019550510271,37.5850444246949
622214266,회기역 1호선,"교통,수송 > 지하철,전철 > 수도권1호선",서울 동대문구 휘경동 317-112,127.058048369273,37.5897962196601
21160857,사가정역 7호선,"교통,수송 > 지하철,전철 > 수도권7호선",서울 중랑구 면목동 495,127.088504554212,37.5809403751459
21160767,면목역 7호선,"교통,수송 > 지하철,전철 > 수도권7호선",서울 중랑구 면목동 282-6,127.087503803859,37.5887148877725
21160662,장한평역 5호선,"교통,수송 > 지하철,전철 > 수도권5호선",서울 동대문구 장안동 472-3,127.06370373106944,37.5616038910656
21161053,망우역 경의중앙선,"교통,수송 > 지하철,전철 > 경의중앙선",서울 중랑구 상봉동 172,127.092367383432,37.5992960295399
21160753,답십리역 5호선,"교통,수송 > 지하철,전철 > 수도권5호선",서울 성동구 용답동 99,127.05256127651293,37.56697480965114
10706726,외대앞역 1호선,"교통,수송 > 지하철,전철 > 수도권1호선",서울 동대문구 이문동 360-5,127.06369251145765,37.596274142656114
21160858,중곡역 7호선,"교통,수송 > 지하철,전철 > 수도권7호선",서울 광진구 중곡동 273-2,127.08431236632154,37.56592206115955
21160861,중랑역 경의중앙선,"교통,수송 > 지하철,전철 > 경의중앙선",서울 중랑구 중화동 73-7,127.075680398461,37.5948425975025
21160703,용마산역 7호선,"교통,수송 > 지하철,전철 > 수도권7호선",서울 중랑구 면목동 1316-5,127.08671982507775,37.57366797492471
21160675,상봉역 7호선,"교통,수송 > 지하철,전철 > 수도권7호선",서울 중랑구 상봉동 100-9,127.085754455388,37.5955853328943
1641970134,장자호수공원역 8호선,"교통,수송 > 지하철,전철 > 수도권8호선",경기 구리시 수택동 878-4,127.137933784452,37.5875774304238
21160624,용답역 2호선,"교통,수송 > 지하철,전철 > 수도권2호선",서울 성동구 용답동 127,127.05088954367504,37.562122776762756
8089626,청량리역 경의중앙선,"교통,수송 > 지하철,전철 > 경의중앙선",서울 동대문구 전농동 547,127.04786558187519,37.580279093795085
21160808,신답역 2호선,"교통,수송 > 지하철,전철 > 수도권2호선",서울 성동구 용답동 129-2,127.047080117369,37.5698386846442
21160926,회기역 경의중앙선,"교통,수송 > 지하철,전철 > 경의중앙선",서울 동대문구 휘경동 317-112,127.05782624137,37.5895296349726
12706588,상봉역 경춘선,"교통,수송 > 지하철,전철 > 경춘선",서울 중랑구 상봉동 100-9,127.085085690038,37.5969733432502
12706589,망우역 경춘선,"교통,수송 > 지하철,전철 > 경춘선",서울 중랑구 상봉동 172,127.091738656282,37.600017312378
11981983,상봉역 경의중앙선,"교통,수송 > 지하철,전철 > 경의중앙선",서울 중랑구 상봉동 100-9,127.08515107127755,37.59671381067542
1113878626,청량리역 수인분당선,"교통,수송 > 지하철,전철 > 수인분당선",서울 동대문구 전농동 547,127.047847862522,37.5808953806814
1811486888,청량리역 경춘선,"교통,수송 > 지하철,전철 > 경춘선",서울 동대문구 전농동 547,127.0486360630067,37.581273475892466
2143660421,중랑역 경춘선,"교통,수송 > 지하철,전철 > 경춘선",서울 중랑구 중화동 73-7,127.076790328944,37.5950833462926
670656740,회기역 경춘선,"교통,수송 > 지하철,전철 > 경춘선",서울 동대문구 휘경동 317-112,127.058537601316,37.5899221169641
