sgg_cd,admin_cd,admin_dong,bjd_cd,dong
11500,1150051000,염창동,1150010100,염창동
11500,1150051000,염창동,1150010400,가양동
11500,1150052000,등촌제1동,1150010200,등촌동
11500,1150053000,등촌제2동,1150010200,등촌동
11500,1150053500,등촌제3동,1150010200,등촌동
11500,1150054000,화곡제1동,1150010300,화곡동
11500,1150055000,화곡제2동,1150010300,화곡동
11500,1150056000,화곡제3동,1150010300,화곡동
11500,1150057000,화곡제4동,1150010300,화곡동
11500,1150059000,화곡본동,1150010300,화곡동
11500,1150059100,화곡제6동,1150010300,화곡동
11500,1150059300,화곡제8동,1150010300,화곡동
11500,1150060300,가양제1동,1150010200,등촌동
11500,1150060300,가양제1동,1150010400,가양동
11500,1150060300,가양제1동,1150010500,마곡동
11500,1150060400,가양제2동,1150010400,가양동
11500,1150060500,가양제3동,1150010400,가양동
11500,1150061100,발산제1동,1150010500,마곡동
11500,1150061100,발산제1동,1150010600,내발산동
11500,1150061100,발산제1동,1150010700,외발산동
11500,1150061500,우장산동,1150010300,화곡동
11500,1150061500,우장산동,1150010600,내발산동
11500,1150062000,공항동,1150010500,마곡동
11500,1150062000,공항동,1150010800,공항동
11500,1150062000,공항동,1150010900,방화동
11500,1150062000,공항동,1150011100,과해동
11500,1150062000,공항동,1150011200,오곡동
11500,1150062000,공항동,1150011300,오쇠동
11500,1150063000,방화제1동,1150010500,마곡동
11500,1150063000,방화제1동,1150010800,공항동
11500,1150063000,방화제1동,1150010900,방화동
11500,1150064000,방화제2동,1150010900,방화동
11500,1150064000,방화제2동,1150011000,개화동
11500,1150064100,방화제3동,1150010500,마곡동
11500,1150064100,방화제3동,1150010900,방화동
11620,1162052500,보라매동,1162010100,봉천동
11620,1162054500,청림동,1162010100,봉천동
11620,1162056500,성현동,1162010100,봉천동
11620,1162057500,행운동,1162010100,봉천동
11620,1162058500,낙성대동,1162010100,봉천동
11620,1162059500,청룡동,1162010100,봉천동
11620,1162060500,은천동,1162010100,봉천동
11620,1162061500,중앙동,1162010100,봉천동
11620,1162062500,인헌동,1162010100,봉천동
11620,1162063000,남현동,1162010300,남현동
11620,1162064500,서원동,1162010200,신림동
11620,1162065500,신원동,1162010200,신림동
11620,1162066500,서림동,1162010200,신림동
11620,1162068500,신사동,1162010200,신림동
11620,1162069500,신림동,1162010200,신림동
11620,1162071500,난향동,1162010200,신림동
11620,1162072500,조원동,1162010200,신림동
11620,1162073500,대학동,1162010200,신림동
11620,1162074500,삼성동,1162010200,신림동
11620,1162076500,미성동,1162010200,신림동
11620,1162077500,난곡동,1162010200,신림동
11680,1168051000,신사동,1168010700,신사동
11680,1168051000,신사동,1168011000,압구정동
11680,1168052100,논현1동,1168010800,논현동
11680,1168053100,논현2동,1168010800,논현동
11680,1168054500,압구정동,1168010700,신사동
11680,1168054500,압구정동,1168011000,압구정동
11680,1168056500,청담동,1168010400,청담동
11680,1168058000,삼성1동,1168010500,삼성동
11680,1168059000,삼성2동,1168010500,삼성동
11680,1168060000,대치1동,1168010600,대치동
11680,1168061000,대치2동,1168010600,대치동
11680,1168063000,대치4동,1168010600,대치동
11680,1168064000,역삼1동,1168010100,역삼동
11680,1168065000,역삼2동,1168010100,역삼동
11680,1168065500,도곡1동,1168011800,도곡동
11680,1168065600,도곡2동,1168011800,도곡동
11680,1168066000,개포1동,1168010300,개포동
11680,1168067000,개포2동,1168010300,개포동
11680,1168067000,개포2동,1168011400,일원동
11680,1168067500,개포3동,1168010300,개포동
11680,1168067500,개포3동,1168010600,대치동
11680,1168067500,개포3동,1168011400,일원동
11680,1168069000,개포4동,1168010300,개포동
11680,1168070000,세곡동,1168011100,세곡동
11680,1168070000,세곡동,1168011200,자곡동
11680,1168070000,세곡동,1168011300,율현동
11680,1168072000,일원본동,1168011400,일원동
11680,1168072000,일원본동,1168011500,수서동
11680,1168073000,일원1동,1168011400,일원동
11680,1168073000,일원1동,1168011500,수서동
11680,1168075000,수서동,1168011500,수서동
