상황,모델,n,MAPE,중앙값APE,±10%,±20%,log오차중앙값
A,B1,632.0,0.16121011613646416,0.11692046379362447,0.435126582278481,0.7120253164556962,-0.007956038493353912
A,Ridge-직접,632.0,0.16691071823182893,0.12031098682134395,0.43354430379746833,0.6835443037974683,0.005734637177471523
A,Ridge-잔차,632.0,0.1574707467640769,0.11501333503572471,0.4588607594936709,0.7183544303797469,-0.014429429276036305
A,Ridge-평균,632.0,0.1596813012662902,0.11520766930437512,0.4525316455696203,0.7072784810126582,-0.00517632119352361
A,KNN-직접,632.0,0.16536062056009898,0.11826365671522196,0.43670886075949367,0.7009493670886076,-0.008844067901353562
A,KNN-잔차,632.0,0.15528434505269473,0.11177155209001932,0.45569620253164556,0.7056962025316456,-0.011739907592525608
A,KNN-평균,632.0,0.15431230428797318,0.10919162831392827,0.4620253164556962,0.7341772151898734,-0.012779460804316127
A,RF-직접,632.0,0.1467819659433543,0.09999708301244058,0.5,0.7515822784810127,-0.009754704858135933
A,RF-잔차,632.0,0.15201411595531997,0.1120100196971909,0.4620253164556962,0.7262658227848101,-0.01490645433094545
A,RF-평균,632.0,0.14839773931530503,0.10729324676277366,0.47943037974683544,0.7373417721518988,-0.014821137016911349
A,XGB-직접,632.0,0.14469108813635695,0.09730792134776024,0.5126582278481012,0.7468354430379747,-0.012383860083338631
A,XGB-잔차,632.0,0.1518452489351304,0.10910162252387555,0.4825949367088608,0.7389240506329114,-0.02008253610999938
A,XGB-평균,632.0,0.14772477976356987,0.10026340269922848,0.49683544303797467,0.754746835443038,-0.01853833723253207
B,B1,632.0,0.15015968612808392,0.1107310802940906,0.46677215189873417,0.7373417721518988,-0.008193634626986815
B,Ridge-직접,632.0,0.16634981310928865,0.11888568739887256,0.4319620253164557,0.685126582278481,0.006183350795553216
B,Ridge-잔차,632.0,0.1495849989449991,0.10924192571021943,0.4699367088607595,0.7373417721518988,0.002132358597879352
B,Ridge-평균,632.0,0.15389237341310494,0.11124942354524436,0.4525316455696203,0.7262658227848101,0.006532457950512226
B,KNN-직접,632.0,0.15427780919076392,0.11270542301914974,0.4509493670886076,0.7278481012658228,-0.01344539465104727
B,KNN-잔차,632.0,0.14645518409419808,0.10396911567512837,0.4889240506329114,0.7563291139240507,-0.0055174724633285255
B,KNN-평균,632.0,0.1434654774746373,0.10251654808451469,0.4920886075949367,0.7705696202531646,-0.011397258350824405
B,RF-직접,632.0,0.14082050082533565,0.10303713608314174,0.4936708860759494,0.7674050632911392,-0.01469418493647175
B,RF-잔차,632.0,0.13873685901262142,0.09703963575110484,0.5142405063291139,0.7879746835443038,-0.007310287888732144
B,RF-평균,632.0,0.13801218935198786,0.09778008665355492,0.509493670886076,0.7721518987341772,-0.011265193694349229
B,XGB-직접,632.0,0.1423928693030261,0.09529171633637123,0.5126582278481012,0.7610759493670886,-0.011435198958029635
B,XGB-잔차,632.0,0.13910103450848119,0.09252617061962576,0.5268987341772152,0.7626582278481012,-0.004010150940119191
B,XGB-평균,632.0,0.13855579875540333,0.09380225110733657,0.5253164556962026,0.7863924050632911,-0.009615440619113912
T,B1,632.0,0.15488196632939433,0.11952380340140363,0.43670886075949367,0.7246835443037974,-0.035258198267967514
T,Ridge-직접,632.0,0.16509654001930266,0.12425539159987178,0.435126582278481,0.689873417721519,-0.02252022627243127
T,Ridge-잔차,632.0,0.15309640018236859,0.11763570316073116,0.44145569620253167,0.7341772151898734,-0.021235846523192433
T,Ridge-평균,632.0,0.15605874308231318,0.11913947543652058,0.439873417721519,0.7104430379746836,-0.024034670968050013
T,KNN-직접,632.0,0.16422562919859682,0.12281109556956651,0.4177215189873418,0.7088607594936709,-0.045989060981780294
T,KNN-잔차,632.0,0.15208004157793734,0.11648864015264537,0.4588607594936709,0.7373417721518988,-0.034886475914191126
T,KNN-평균,632.0,0.15291219080662435,0.11368062031104577,0.46044303797468356,0.7420886075949367,-0.045345841924454414
T,RF-직접,632.0,0.15075000699892757,0.11611443396559469,0.44145569620253167,0.7310126582278481,-0.0412049890342967
T,RF-잔차,632.0,0.14751367947835933,0.11314345887031213,0.4651898734177215,0.7373417721518988,-0.03562663196111614
T,RF-평균,632.0,0.14806622022224544,0.11348838277809617,0.4509493670886076,0.7484177215189873,-0.04125148203420449
T,XGB-직접,632.0,0.1490908823325206,0.11171964733620907,0.4572784810126582,0.7341772151898734,-0.04094364944830235
T,XGB-잔차,632.0,0.14742914895822548,0.11155678943093417,0.4699367088607595,0.7357594936708861,-0.03312181269167465
T,XGB-평균,632.0,0.14676051990737157,0.10995921071090228,0.46044303797468356,0.7484177215189873,-0.03797970116934962
